ID,Name,Age,Marks
1,Student_1,19,76
2,Student_2,24,73
3,Student_3,21,85
4,Student_4,18,83
5,Student_5,21,100
6,Student_6,18,61
7,Student_7,20,70
8,Student_8,22,93
9,Student_9,24,71
10,Student_10,19,55
11,Student_11,25,65
12,Student_12,25,63
13,Student_13,24,99
14,Student_14,19,89
15,Student_15,19,88
16,Student_16,19,55
17,Student_17,18,89
18,Student_18,22,89
19,Student_19,23,82
20,Student_20,20,56
21,Student_21,24,53
22,Student_22,25,60
23,Student_23,24,100
24,Student_24,25,52
25,Student_25,24,100
26,Student_26,19,93
27,Student_27,23,81
28,Student_28,21,97
29,Student_29,23,68
30,Student_30,20,58
31,Student_31,24,61
32,Student_32,22,99
33,Student_33,21,54
34,Student_34,23,90
35,Student_35,22,88
36,Student_36,24,55
37,Student_37,20,81
38,Student_38,21,65
39,Student_39,25,86
40,Student_40,22,81
41,Student_41,23,53
42,Student_42,25,78
43,Student_43,20,96
44,Student_44,23,79
45,Student_45,19,89
46,Student_46,24,82
47,Student_47,20,56
48,Student_48,19,60
49,Student_49,20,62
50,Student_50,18,90
51,Student_51,20,99
52,Student_52,22,60
53,Student_53,24,67
54,Student_54,23,56
55,Student_55,21,76
56,Student_56,24,98
57,Student_57,18,81
58,Student_58,24,82
59,Student_59,24,64
60,Student_60,20,71
61,Student_61,24,84
62,Student_62,21,86
63,Student_63,18,92
64,Student_64,21,51
65,Student_65,19,91
66,Student_66,23,92
67,Student_67,20,74
68,Student_68,19,54
69,Student_69,21,76
70,Student_70,20,78
71,Student_71,25,86
72,Student_72,20,85
73,Student_73,19,64
74,Student_74,18,65
75,Student_75,24,56
76,Student_76,22,94
77,Student_77,21,60
78,Student_78,18,50
79,Student_79,18,65
80,Student_80,20,57
81,Student_81,22,79
82,Student_82,24,90
83,Student_83,23,85
84,Student_84,25,94
85,Student_85,23,87
86,Student_86,25,62
87,Student_87,20,98
88,Student_88,20,78
89,Student_89,24,76
90,Student_90,22,51
91,Student_91,24,78
92,Student_92,20,93
93,Student_93,25,70
94,Student_94,19,56
95,Student_95,22,66
96,Student_96,20,78
97,Student_97,20,94
98,Student_98,24,65
99,Student_99,19,92
100,Student_100,18,76
101,Student_101,25,100
102,Student_102,18,69
103,Student_103,25,51
104,Student_104,25,93
105,Student_105,22,86
106,Student_106,23,86
107,Student_107,21,88
108,Student_108,19,88
109,Student_109,18,91
110,Student_110,21,98
111,Student_111,22,71
112,Student_112,18,95
113,Student_113,23,84
114,Student_114,23,88
115,Student_115,23,87
116,Student_116,19,93
117,Student_117,21,56
118,Student_118,18,58
119,Student_119,21,76
120,Student_120,21,65
121,Student_121,20,65
122,Student_122,24,51
123,Student_123,19,96
124,Student_124,18,93
125,Student_125,18,70
126,Student_126,22,76
127,Student_127,20,74
128,Student_128,21,94
129,Student_129,21,79
130,Student_130,25,77
131,Student_131,23,97
132,Student_132,23,54
133,Student_133,25,66
134,Student_134,21,70
135,Student_135,18,68
136,Student_136,22,70
137,Student_137,24,94
138,Student_138,19,84
139,Student_139,22,87
140,Student_140,22,61
141,Student_141,25,99
142,Student_142,21,91
143,Student_143,18,64
144,Student_144,20,93
145,Student_145,20,87
146,Student_146,18,65
147,Student_147,25,71
148,Student_148,19,99
149,Student_149,20,73
150,Student_150,18,71
151,Student_151,20,79
152,Student_152,21,58
153,Student_153,20,83
154,Student_154,19,80
155,Student_155,20,71
156,Student_156,23,97
157,Student_157,25,51
158,Student_158,24,78
159,Student_159,19,84
160,Student_160,23,62
161,Student_161,20,60
162,Student_162,20,99
163,Student_163,22,61
164,Student_164,18,63
165,Student_165,21,57
166,Student_166,22,78
167,Student_167,21,61
168,Student_168,25,86
169,Student_169,18,94
170,Student_170,18,71
171,Student_171,19,51
172,Student_172,18,56
173,Student_173,25,96
174,Student_174,21,94
175,Student_175,22,91
176,Student_176,20,84
177,Student_177,23,72
178,Student_178,20,84
179,Student_179,22,69
180,Student_180,25,60
181,Student_181,18,70
182,Student_182,24,92
183,Student_183,24,80
184,Student_184,22,66
185,Student_185,22,77
186,Student_186,18,73
187,Student_187,23,84
188,Student_188,19,83
189,Student_189,21,78
190,Student_190,23,79
191,Student_191,23,57
192,Student_192,21,63
193,Student_193,23,87
194,Student_194,25,90
195,Student_195,23,88
196,Student_196,20,82
197,Student_197,20,69
198,Student_198,23,64
199,Student_199,25,85
200,Student_200,25,58
201,Student_201,19,50
202,Student_202,21,72
203,Student_203,23,63
204,Student_204,24,98
205,Student_205,23,80
206,Student_206,18,75
207,Student_207,19,94
208,Student_208,22,60
209,Student_209,21,64
210,Student_210,21,92
211,Student_211,25,57
212,Student_212,19,57
213,Student_213,25,84
214,Student_214,23,54
215,Student_215,19,74
216,Student_216,21,58
217,Student_217,24,86
218,Student_218,22,71
219,Student_219,22,52
220,Student_220,18,63
221,Student_221,20,64
222,Student_222,22,84
223,Student_223,20,66
224,Student_224,20,50
225,Student_225,24,55
226,Student_226,19,50
227,Student_227,19,71
228,Student_228,22,53
229,Student_229,25,57
230,Student_230,22,56
231,Student_231,21,78
232,Student_232,18,64
233,Student_233,18,98
234,Student_234,18,82
235,Student_235,21,61
236,Student_236,19,95
237,Student_237,21,70
238,Student_238,18,71
239,Student_239,18,96
240,Student_240,24,99
241,Student_241,22,57
242,Student_242,22,59
243,Student_243,23,75
244,Student_244,18,71
245,Student_245,21,70
246,Student_246,22,78
247,Student_247,24,70
248,Student_248,24,52
249,Student_249,24,65
250,Student_250,20,71
251,Student_251,21,97
252,Student_252,22,51
253,Student_253,22,53
254,Student_254,23,87
255,Student_255,25,57
256,Student_256,18,66
257,Student_257,23,53
258,Student_258,20,74
259,Student_259,18,56
260,Student_260,23,96
261,Student_261,21,90
262,Student_262,19,60
263,Student_263,22,76
264,Student_264,21,91
265,Student_265,23,97
266,Student_266,22,76
267,Student_267,21,94
268,Student_268,21,84
269,Student_269,25,93
270,Student_270,22,92
271,Student_271,20,77
272,Student_272,22,94
273,Student_273,24,97
274,Student_274,23,72
275,Student_275,24,65
276,Student_276,20,62
277,Student_277,19,75
278,Student_278,18,95
279,Student_279,20,68
280,Student_280,19,72
281,Student_281,24,60
282,Student_282,21,67
283,Student_283,19,86
284,Student_284,22,79
285,Student_285,22,75
286,Student_286,23,98
287,Student_287,21,61
288,Student_288,19,87
289,Student_289,22,91
290,Student_290,19,80
291,Student_291,21,81
292,Student_292,22,66
293,Student_293,23,52
294,Student_294,19,65
295,Student_295,22,64
296,Student_296,25,69
297,Student_297,21,71
298,Student_298,22,66
299,Student_299,20,95
300,Student_300,24,68
301,Student_301,25,92
302,Student_302,19,58
303,Student_303,24,85
304,Student_304,25,70
305,Student_305,23,54
306,Student_306,24,74
307,Student_307,25,62
308,Student_308,20,59
309,Student_309,22,87
310,Student_310,24,50
311,Student_311,18,80
312,Student_312,22,60
313,Student_313,18,91
314,Student_314,23,100
315,Student_315,24,76
316,Student_316,21,59
317,Student_317,23,96
318,Student_318,25,97
319,Student_319,25,71
320,Student_320,19,51
321,Student_321,25,80
322,Student_322,21,58
323,Student_323,21,95
324,Student_324,23,69
325,Student_325,19,97
326,Student_326,19,69
327,Student_327,22,68
328,Student_328,25,57
329,Student_329,22,58
330,Student_330,22,91
331,Student_331,23,64
332,Student_332,19,63
333,Student_333,19,85
334,Student_334,18,59
335,Student_335,20,80
336,Student_336,22,75
337,Student_337,23,55
338,Student_338,22,56
339,Student_339,22,82
340,Student_340,25,53
341,Student_341,24,68
342,Student_342,24,90
343,Student_343,19,74
344,Student_344,24,57
345,Student_345,20,77
346,Student_346,25,86
347,Student_347,19,91
348,Student_348,24,85
349,Student_349,19,60
350,Student_350,18,97
351,Student_351,19,61
352,Student_352,21,63
353,Student_353,24,60
354,Student_354,18,54
355,Student_355,24,74
356,Student_356,24,76
357,Student_357,24,72
358,Student_358,21,77
359,Student_359,24,99
360,Student_360,20,60
361,Student_361,25,78
362,Student_362,20,66
363,Student_363,23,79
364,Student_364,24,92
365,Student_365,22,96
366,Student_366,23,89
367,Student_367,25,78
368,Student_368,19,74
369,Student_369,21,96
370,Student_370,20,70
371,Student_371,21,94
372,Student_372,22,81
373,Student_373,23,100
374,Student_374,24,100
375,Student_375,18,71
376,Student_376,21,91
377,Student_377,24,61
378,Student_378,19,96
379,Student_379,18,59
380,Student_380,24,92
381,Student_381,21,94
382,Student_382,24,94
383,Student_383,24,70
384,Student_384,23,57
385,Student_385,24,86
386,Student_386,18,53
387,Student_387,21,67
388,Student_388,22,54
389,Student_389,24,73
390,Student_390,22,54
391,Student_391,19,53
392,Student_392,21,79
393,Student_393,18,72
394,Student_394,23,70
395,Student_395,25,100
396,Student_396,23,99
397,Student_397,24,64
398,Student_398,18,94
399,Student_399,20,99
400,Student_400,20,72
401,Student_401,19,58
402,Student_402,25,56
403,Student_403,24,96
404,Student_404,24,60
405,Student_405,22,96
406,Student_406,25,85
407,Student_407,18,74
408,Student_408,24,81
409,Student_409,22,100
410,Student_410,22,89
411,Student_411,24,51
412,Student_412,24,86
413,Student_413,22,62
414,Student_414,18,90
415,Student_415,18,90
416,Student_416,19,56
417,Student_417,21,50
418,Student_418,18,83
419,Student_419,18,63
420,Student_420,20,73
421,Student_421,19,84
422,Student_422,19,90
423,Student_423,18,58
424,Student_424,23,82
425,Student_425,25,100
426,Student_426,18,56
427,Student_427,20,92
428,Student_428,19,89
429,Student_429,23,53
430,Student_430,21,81
431,Student_431,23,100
432,Student_432,25,78
433,Student_433,24,52
434,Student_434,19,76
435,Student_435,18,56
436,Student_436,23,66
437,Student_437,23,95
438,Student_438,23,72
439,Student_439,25,84
440,Student_440,21,64
441,Student_441,19,69
442,Student_442,23,67
443,Student_443,25,74
444,Student_444,18,70
445,Student_445,20,58
446,Student_446,21,96
447,Student_447,18,65
448,Student_448,24,51
449,Student_449,19,58
450,Student_450,19,79
451,Student_451,21,67
452,Student_452,20,76
453,Student_453,21,86
454,Student_454,23,72
455,Student_455,25,75
456,Student_456,18,83
457,Student_457,20,60
458,Student_458,23,73
459,Student_459,19,91
460,Student_460,24,100
461,Student_461,22,89
462,Student_462,19,58
463,Student_463,19,86
464,Student_464,20,56
465,Student_465,21,77
466,Student_466,20,53
467,Student_467,20,91
468,Student_468,19,67
469,Student_469,22,90
470,Student_470,18,67
471,Student_471,21,89
472,Student_472,23,52
473,Student_473,22,94
474,Student_474,19,86
475,Student_475,21,87
476,Student_476,23,62
477,Student_477,22,69
478,Student_478,18,71
479,Student_479,20,89
480,Student_480,24,89
481,Student_481,24,58
482,Student_482,24,80
483,Student_483,24,93
484,Student_484,24,51
485,Student_485,24,58
486,Student_486,22,64
487,Student_487,21,97
488,Student_488,21,66
489,Student_489,21,94
490,Student_490,24,69
491,Student_491,24,73
492,Student_492,18,88
493,Student_493,25,71
494,Student_494,23,75
495,Student_495,24,73
496,Student_496,19,75
497,Student_497,23,78
498,Student_498,20,98
499,Student_499,23,68
500,Student_500,25,54
501,Student_501,25,74
502,Student_502,23,64
503,Student_503,23,85
504,Student_504,19,81
505,Student_505,24,69
506,Student_506,19,73
507,Student_507,25,60
508,Student_508,23,69
509,Student_509,25,65
510,Student_510,21,74
511,Student_511,24,93
512,Student_512,20,63
513,Student_513,20,68
514,Student_514,22,59
515,Student_515,24,61
516,Student_516,21,75
517,Student_517,20,62
518,Student_518,23,57
519,Student_519,23,82
520,Student_520,24,65
521,Student_521,23,57
522,Student_522,20,51
523,Student_523,21,87
524,Student_524,18,99
525,Student_525,25,82
526,Student_526,22,61
527,Student_527,22,66
528,Student_528,22,73
529,Student_529,21,95
530,Student_530,20,55
531,Student_531,24,82
532,Student_532,19,70
533,Student_533,18,65
534,Student_534,23,81
535,Student_535,25,82
536,Student_536,20,83
537,Student_537,18,98
538,Student_538,21,95
539,Student_539,24,90
540,Student_540,23,97
541,Student_541,19,100
542,Student_542,19,77
543,Student_543,21,62
544,Student_544,21,66
545,Student_545,19,50
546,Student_546,21,77
547,Student_547,22,68
548,Student_548,22,84
549,Student_549,21,77
550,Student_550,18,86
551,Student_551,24,69
552,Student_552,19,55
553,Student_553,23,54
554,Student_554,24,82
555,Student_555,20,64
556,Student_556,22,84
557,Student_557,20,65
558,Student_558,22,57
559,Student_559,21,55
560,Student_560,21,50
561,Student_561,21,73
562,Student_562,18,65
563,Student_563,24,84
564,Student_564,18,75
565,Student_565,25,78
566,Student_566,25,78
567,Student_567,18,76
568,Student_568,22,62
569,Student_569,22,58
570,Student_570,21,85
571,Student_571,19,61
572,Student_572,19,55
573,Student_573,18,86
574,Student_574,24,60
575,Student_575,22,74
576,Student_576,24,57
577,Student_577,24,73
578,Student_578,24,51
579,Student_579,24,69
580,Student_580,18,75
581,Student_581,25,94
582,Student_582,19,78
583,Student_583,22,72
584,Student_584,22,68
585,Student_585,20,57
586,Student_586,25,74
587,Student_587,25,96
588,Student_588,22,76
589,Student_589,21,63
590,Student_590,22,54
591,Student_591,18,65
592,Student_592,21,98
593,Student_593,18,53
594,Student_594,22,98
595,Student_595,25,59
596,Student_596,25,62
597,Student_597,19,70
598,Student_598,24,100
599,Student_599,22,51
600,Student_600,22,52
601,Student_601,21,57
602,Student_602,19,65
603,Student_603,19,65
604,Student_604,18,78
605,Student_605,24,57
606,Student_606,18,91
607,Student_607,22,83
608,Student_608,22,71
609,Student_609,25,51
610,Student_610,19,86
611,Student_611,25,66
612,Student_612,23,96
613,Student_613,23,83
614,Student_614,18,75
615,Student_615,22,92
616,Student_616,25,69
617,Student_617,22,98
618,Student_618,22,77
619,Student_619,18,66
620,Student_620,25,72
621,Student_621,22,100
622,Student_622,21,98
623,Student_623,23,90
624,Student_624,18,99
625,Student_625,20,89
626,Student_626,20,73
627,Student_627,21,69
628,Student_628,20,98
629,Student_629,23,81
630,Student_630,24,76
631,Student_631,21,85
632,Student_632,25,74
633,Student_633,24,85
634,Student_634,18,67
635,Student_635,24,90
636,Student_636,18,51
637,Student_637,21,76
638,Student_638,19,66
639,Student_639,23,83
640,Student_640,19,81
641,Student_641,24,74
642,Student_642,19,92
643,Student_643,23,94
644,Student_644,18,56
645,Student_645,22,90
646,Student_646,22,57
647,Student_647,25,63
648,Student_648,24,87
649,Student_649,21,72
650,Student_650,21,80
651,Student_651,21,52
652,Student_652,18,89
653,Student_653,19,84
654,Student_654,23,56
655,Student_655,19,60
656,Student_656,24,54
657,Student_657,21,81
658,Student_658,22,95
659,Student_659,21,55
660,Student_660,22,99
661,Student_661,21,78
662,Student_662,19,75
663,Student_663,25,71
664,Student_664,18,100
665,Student_665,25,67
666,Student_666,24,72
667,Student_667,21,63
668,Student_668,23,50
669,Student_669,25,69
670,Student_670,20,100
671,Student_671,23,90
672,Student_672,22,85
673,Student_673,19,95
674,Student_674,19,56
675,Student_675,23,56
676,Student_676,21,56
677,Student_677,22,64
678,Student_678,18,50
679,Student_679,21,72
680,Student_680,25,98
681,Student_681,19,83
682,Student_682,18,100
683,Student_683,25,87
684,Student_684,20,73
685,Student_685,21,80
686,Student_686,19,72
687,Student_687,24,94
688,Student_688,24,88
689,Student_689,24,63
690,Student_690,20,87
691,Student_691,18,93
692,Student_692,23,85
693,Student_693,21,51
694,Student_694,25,57
695,Student_695,20,61
696,Student_696,18,60
697,Student_697,20,75
698,Student_698,21,62
699,Student_699,25,87
700,Student_700,24,64
701,Student_701,21,100
702,Student_702,24,73
703,Student_703,25,77
704,Student_704,23,51
705,Student_705,19,91
706,Student_706,24,81
707,Student_707,21,87
708,Student_708,20,78
709,Student_709,23,92
710,Student_710,25,67
711,Student_711,23,72
712,Student_712,23,57
713,Student_713,25,65
714,Student_714,20,64
715,Student_715,18,95
716,Student_716,19,71
717,Student_717,23,77
718,Student_718,24,83
719,Student_719,18,86
720,Student_720,23,94
721,Student_721,20,51
722,Student_722,23,59
723,Student_723,19,72
724,Student_724,20,61
725,Student_725,18,89
726,Student_726,23,92
727,Student_727,23,54
728,Student_728,20,81
729,Student_729,21,76
730,Student_730,20,91
731,Student_731,23,70
732,Student_732,25,68
733,Student_733,22,81
734,Student_734,19,73
735,Student_735,23,71
736,Student_736,20,63
737,Student_737,20,56
738,Student_738,20,76
739,Student_739,20,99
740,Student_740,20,94
741,Student_741,25,80
742,Student_742,20,79
743,Student_743,25,87
744,Student_744,19,59
745,Student_745,19,54
746,Student_746,21,61
747,Student_747,19,84
748,Student_748,19,98
749,Student_749,24,71
750,Student_750,21,100
751,Student_751,24,86
752,Student_752,24,99
753,Student_753,18,94
754,Student_754,19,65
755,Student_755,23,65
756,Student_756,25,65
757,Student_757,22,59
758,Student_758,21,91
759,Student_759,20,89
760,Student_760,24,50
761,Student_761,24,89
762,Student_762,18,96
763,Student_763,20,79
764,Student_764,19,55
765,Student_765,19,71
766,Student_766,23,68
767,Student_767,22,97
768,Student_768,21,51
769,Student_769,22,80
770,Student_770,24,63
771,Student_771,21,77
772,Student_772,20,100
773,Student_773,20,74
774,Student_774,25,92
775,Student_775,18,70
776,Student_776,23,70
777,Student_777,24,61
778,Student_778,22,58
779,Student_779,18,96
780,Student_780,18,57
781,Student_781,18,84
782,Student_782,24,68
783,Student_783,22,79
784,Student_784,18,83
785,Student_785,20,100
786,Student_786,21,62
787,Student_787,21,80
788,Student_788,19,59
789,Student_789,25,53
790,Student_790,19,99
791,Student_791,18,62
792,Student_792,19,56
793,Student_793,25,56
794,Student_794,23,96
795,Student_795,22,70
796,Student_796,23,92
797,Student_797,19,99
798,Student_798,18,82
799,Student_799,20,87
800,Student_800,21,81
801,Student_801,25,55
802,Student_802,20,68
803,Student_803,18,62
804,Student_804,23,98
805,Student_805,21,89
806,Student_806,24,78
807,Student_807,20,64
808,Student_808,23,63
809,Student_809,19,90
810,Student_810,20,51
811,Student_811,18,50
812,Student_812,20,72
813,Student_813,19,77
814,Student_814,19,54
815,Student_815,23,77
816,Student_816,25,63
817,Student_817,21,97
818,Student_818,22,97
819,Student_819,22,77
820,Student_820,25,74
821,Student_821,20,68
822,Student_822,22,51
823,Student_823,19,80
824,Student_824,25,67
825,Student_825,18,87
826,Student_826,24,57
827,Student_827,23,93
828,Student_828,21,69
829,Student_829,22,56
830,Student_830,21,56
831,Student_831,22,62
832,Student_832,23,66
833,Student_833,25,92
834,Student_834,22,58
835,Student_835,19,94
836,Student_836,20,80
837,Student_837,18,68
838,Student_838,23,88
839,Student_839,25,67
840,Student_840,19,65
841,Student_841,23,52
842,Student_842,21,77
843,Student_843,25,65
844,Student_844,18,59
845,Student_845,24,87
846,Student_846,21,91
847,Student_847,19,82
848,Student_848,22,87
849,Student_849,20,80
850,Student_850,22,68
851,Student_851,22,55
852,Student_852,22,97
853,Student_853,24,75
854,Student_854,20,87
855,Student_855,19,88
856,Student_856,21,84
857,Student_857,21,56
858,Student_858,20,82
859,Student_859,19,65
860,Student_860,18,79
861,Student_861,18,78
862,Student_862,25,96
863,Student_863,24,90
864,Student_864,20,88
865,Student_865,20,75
866,Student_866,23,95
867,Student_867,23,80
868,Student_868,22,75
869,Student_869,18,92
870,Student_870,20,55
871,Student_871,19,67
872,Student_872,21,60
873,Student_873,22,84
874,Student_874,18,60
875,Student_875,25,85
876,Student_876,18,56
877,Student_877,23,68
878,Student_878,24,72
879,Student_879,22,89
880,Student_880,20,77
881,Student_881,24,60
882,Student_882,22,85
883,Student_883,24,95
884,Student_884,25,97
885,Student_885,19,58
886,Student_886,21,69
887,Student_887,20,69
888,Student_888,18,84
889,Student_889,21,88
890,Student_890,25,80
891,Student_891,23,71
892,Student_892,24,79
893,Student_893,20,85
894,Student_894,24,76
895,Student_895,21,51
896,Student_896,18,95
897,Student_897,24,73
898,Student_898,25,99
899,Student_899,21,53
900,Student_900,22,52
901,Student_901,24,60
902,Student_902,21,82
903,Student_903,20,95
904,Student_904,20,90
905,Student_905,22,84
906,Student_906,19,87
907,Student_907,25,61
908,Student_908,20,57
909,Student_909,23,80
910,Student_910,23,100
911,Student_911,23,88
912,Student_912,18,88
913,Student_913,24,77
914,Student_914,25,69
915,Student_915,20,92
916,Student_916,20,72
917,Student_917,18,81
918,Student_918,19,86
919,Student_919,18,92
920,Student_920,21,72
921,Student_921,25,80
922,Student_922,20,54
923,Student_923,23,62
924,Student_924,25,65
925,Student_925,22,64
926,Student_926,21,68
927,Student_927,24,68
928,Student_928,24,53
929,Student_929,22,92
930,Student_930,18,65
931,Student_931,21,68
932,Student_932,22,80
933,Student_933,24,84
934,Student_934,19,56
935,Student_935,23,61
936,Student_936,22,66
937,Student_937,21,97
938,Student_938,20,87
939,Student_939,19,67
940,Student_940,21,86
941,Student_941,18,78
942,Student_942,21,85
943,Student_943,25,61
944,Student_944,24,79
945,Student_945,21,55
946,Student_946,18,61
947,Student_947,21,84
948,Student_948,24,76
949,Student_949,19,90
950,Student_950,19,52
951,Student_951,24,82
952,Student_952,24,74
953,Student_953,25,77
954,Student_954,21,100
955,Student_955,24,56
956,Student_956,20,68
957,Student_957,21,60
958,Student_958,24,92
959,Student_959,22,74
960,Student_960,20,78
961,Student_961,24,75
962,Student_962,18,97
963,Student_963,21,64
964,Student_964,25,91
965,Student_965,25,74
966,Student_966,19,90
967,Student_967,22,97
968,Student_968,20,100
969,Student_969,19,60
970,Student_970,21,95
971,Student_971,22,83
972,Student_972,18,85
973,Student_973,22,54
974,Student_974,24,91
975,Student_975,21,100
976,Student_976,22,80
977,Student_977,25,55
978,Student_978,20,71
979,Student_979,18,90
980,Student_980,25,63
981,Student_981,22,79
982,Student_982,18,84
983,Student_983,20,72
984,Student_984,23,79
985,Student_985,19,83
986,Student_986,22,80
987,Student_987,19,63
988,Student_988,21,92
989,Student_989,18,50
990,Student_990,22,67
991,Student_991,18,55
992,Student_992,22,73
993,Student_993,24,68
994,Student_994,24,80
995,Student_995,20,67
996,Student_996,23,64
997,Student_997,22,89
998,Student_998,18,60
999,Student_999,20,70
1000,Student_1000,24,62
1001,Student_1001,24,90
1002,Student_1002,22,90
1003,Student_1003,20,94
1004,Student_1004,19,64
1005,Student_1005,18,74
1006,Student_1006,23,50
1007,Student_1007,25,55
1008,Student_1008,21,94
1009,Student_1009,21,55
1010,Student_1010,19,65
1011,Student_1011,22,54
1012,Student_1012,20,99
1013,Student_1013,24,52
1014,Student_1014,19,87
1015,Student_1015,24,64
1016,Student_1016,21,65
1017,Student_1017,20,61
1018,Student_1018,18,86
1019,Student_1019,21,79
1020,Student_1020,23,73
1021,Student_1021,24,75
1022,Student_1022,24,72
1023,Student_1023,19,72
1024,Student_1024,23,91
1025,Student_1025,25,53
1026,Student_1026,24,93
1027,Student_1027,18,59
1028,Student_1028,22,100
1029,Student_1029,22,73
1030,Student_1030,22,53
1031,Student_1031,24,55
1032,Student_1032,25,55
1033,Student_1033,25,59
1034,Student_1034,22,91
1035,Student_1035,18,95
1036,Student_1036,22,90
1037,Student_1037,18,90
1038,Student_1038,19,79
1039,Student_1039,23,60
1040,Student_1040,18,61
1041,Student_1041,19,69
1042,Student_1042,19,76
1043,Student_1043,20,96
1044,Student_1044,24,56
1045,Student_1045,23,77
1046,Student_1046,25,58
1047,Student_1047,21,87
1048,Student_1048,22,53
1049,Student_1049,25,77
1050,Student_1050,20,98
1051,Student_1051,22,96
1052,Student_1052,20,80
1053,Student_1053,19,72
1054,Student_1054,25,68
1055,Student_1055,20,73
1056,Student_1056,25,50
1057,Student_1057,18,74
1058,Student_1058,24,72
1059,Student_1059,21,96
1060,Student_1060,22,84
1061,Student_1061,25,57
1062,Student_1062,22,60
1063,Student_1063,24,87
1064,Student_1064,23,90
1065,Student_1065,18,99
1066,Student_1066,19,80
1067,Student_1067,18,87
1068,Student_1068,20,55
1069,Student_1069,24,58
1070,Student_1070,22,75
1071,Student_1071,21,68
1072,Student_1072,24,79
1073,Student_1073,20,59
1074,Student_1074,20,60
1075,Student_1075,19,80
1076,Student_1076,21,65
1077,Student_1077,24,50
1078,Student_1078,22,100
1079,Student_1079,23,79
1080,Student_1080,21,81
1081,Student_1081,18,85
1082,Student_1082,24,92
1083,Student_1083,24,98
1084,Student_1084,18,95
1085,Student_1085,22,61
1086,Student_1086,18,67
1087,Student_1087,23,68
1088,Student_1088,20,95
1089,Student_1089,25,85
1090,Student_1090,25,98
1091,Student_1091,25,54
1092,Student_1092,23,92
1093,Student_1093,20,74
1094,Student_1094,21,71
1095,Student_1095,20,80
1096,Student_1096,21,50
1097,Student_1097,20,93
1098,Student_1098,24,51
1099,Student_1099,21,65
1100,Student_1100,22,88
1101,Student_1101,18,89
1102,Student_1102,18,54
1103,Student_1103,24,82
1104,Student_1104,20,53
1105,Student_1105,25,94
1106,Student_1106,24,59
1107,Student_1107,19,79
1108,Student_1108,19,58
1109,Student_1109,22,81
1110,Student_1110,23,86
1111,Student_1111,23,77
1112,Student_1112,21,84
1113,Student_1113,22,67
1114,Student_1114,19,73
1115,Student_1115,18,68
1116,Student_1116,24,64
1117,Student_1117,25,66
1118,Student_1118,20,95
1119,Student_1119,24,62
1120,Student_1120,23,76
1121,Student_1121,24,73
1122,Student_1122,19,76
1123,Student_1123,23,66
1124,Student_1124,18,100
1125,Student_1125,22,51
1126,Student_1126,23,53
1127,Student_1127,19,77
1128,Student_1128,18,85
1129,Student_1129,24,87
1130,Student_1130,19,73
1131,Student_1131,20,65
1132,Student_1132,21,66
1133,Student_1133,19,72
1134,Student_1134,23,81
1135,Student_1135,22,97
1136,Student_1136,23,95
1137,Student_1137,18,57
1138,Student_1138,23,88
1139,Student_1139,21,88
1140,Student_1140,22,67
1141,Student_1141,22,77
1142,Student_1142,23,58
1143,Student_1143,25,65
1144,Student_1144,23,70
1145,Student_1145,19,65
1146,Student_1146,19,87
1147,Student_1147,23,52
1148,Student_1148,19,70
1149,Student_1149,20,83
1150,Student_1150,20,50
1151,Student_1151,21,74
1152,Student_1152,20,73
1153,Student_1153,21,84
1154,Student_1154,20,90
1155,Student_1155,21,84
1156,Student_1156,18,72
1157,Student_1157,19,87
1158,Student_1158,25,57
1159,Student_1159,23,62
1160,Student_1160,24,52
1161,Student_1161,20,84
1162,Student_1162,22,91
1163,Student_1163,24,67
1164,Student_1164,21,60
1165,Student_1165,19,84
1166,Student_1166,18,62
1167,Student_1167,18,53
1168,Student_1168,20,90
1169,Student_1169,19,94
1170,Student_1170,24,56
1171,Student_1171,24,63
1172,Student_1172,21,50
1173,Student_1173,20,80
1174,Student_1174,22,54
1175,Student_1175,24,60
1176,Student_1176,20,68
1177,Student_1177,23,94
1178,Student_1178,22,93
1179,Student_1179,22,93
1180,Student_1180,21,64
1181,Student_1181,23,54
1182,Student_1182,21,90
1183,Student_1183,23,99
1184,Student_1184,23,56
1185,Student_1185,22,59
1186,Student_1186,25,75
1187,Student_1187,22,94
1188,Student_1188,19,80
1189,Student_1189,20,100
1190,Student_1190,21,50
1191,Student_1191,24,79
1192,Student_1192,24,55
1193,Student_1193,18,54
1194,Student_1194,19,79
1195,Student_1195,20,69
1196,Student_1196,19,91
1197,Student_1197,22,59
1198,Student_1198,24,62
1199,Student_1199,22,84
1200,Student_1200,21,93
1201,Student_1201,23,81
1202,Student_1202,24,50
1203,Student_1203,20,64
1204,Student_1204,25,53
1205,Student_1205,20,83
1206,Student_1206,18,67
1207,Student_1207,25,52
1208,Student_1208,24,62
1209,Student_1209,19,75
1210,Student_1210,23,57
1211,Student_1211,22,54
1212,Student_1212,20,78
1213,Student_1213,24,64
1214,Student_1214,25,92
1215,Student_1215,24,87
1216,Student_1216,25,96
1217,Student_1217,19,53
1218,Student_1218,23,54
1219,Student_1219,19,98
1220,Student_1220,20,69
1221,Student_1221,23,89
1222,Student_1222,23,60
1223,Student_1223,25,92
1224,Student_1224,22,62
1225,Student_1225,18,59
1226,Student_1226,25,88
1227,Student_1227,22,94
1228,Student_1228,22,66
1229,Student_1229,18,68
1230,Student_1230,22,78
1231,Student_1231,25,99
1232,Student_1232,22,88
1233,Student_1233,21,61
1234,Student_1234,22,95
1235,Student_1235,23,84
1236,Student_1236,23,64
1237,Student_1237,19,50
1238,Student_1238,22,87
1239,Student_1239,20,94
1240,Student_1240,23,67
1241,Student_1241,23,76
1242,Student_1242,24,75
1243,Student_1243,24,73
1244,Student_1244,18,84
1245,Student_1245,24,56
1246,Student_1246,18,99
1247,Student_1247,19,68
1248,Student_1248,18,59
1249,Student_1249,24,73
1250,Student_1250,24,50
1251,Student_1251,21,92
1252,Student_1252,21,100
1253,Student_1253,24,99
1254,Student_1254,22,64
1255,Student_1255,22,51
1256,Student_1256,24,57
1257,Student_1257,19,65
1258,Student_1258,24,91
1259,Student_1259,23,96
1260,Student_1260,22,82
1261,Student_1261,23,100
1262,Student_1262,22,85
1263,Student_1263,18,55
1264,Student_1264,19,62
1265,Student_1265,19,90
1266,Student_1266,25,51
1267,Student_1267,24,77
1268,Student_1268,23,65
1269,Student_1269,23,91
1270,Student_1270,24,58
1271,Student_1271,20,83
1272,Student_1272,25,80
1273,Student_1273,25,74
1274,Student_1274,23,70
1275,Student_1275,18,76
1276,Student_1276,19,62
1277,Student_1277,20,80
1278,Student_1278,21,81
1279,Student_1279,19,67
1280,Student_1280,18,52
1281,Student_1281,22,54
1282,Student_1282,25,85
1283,Student_1283,21,65
1284,Student_1284,24,84
1285,Student_1285,20,96
1286,Student_1286,18,74
1287,Student_1287,23,78
1288,Student_1288,22,67
1289,Student_1289,23,71
1290,Student_1290,21,67
1291,Student_1291,24,97
1292,Student_1292,21,96
1293,Student_1293,19,83
1294,Student_1294,23,67
1295,Student_1295,20,82
1296,Student_1296,21,98
1297,Student_1297,20,88
1298,Student_1298,21,73
1299,Student_1299,22,50
1300,Student_1300,19,87
1301,Student_1301,22,55
1302,Student_1302,21,59
1303,Student_1303,18,85
1304,Student_1304,20,64
1305,Student_1305,23,63
1306,Student_1306,25,57
1307,Student_1307,18,81
1308,Student_1308,19,90
1309,Student_1309,25,71
1310,Student_1310,25,57
1311,Student_1311,23,51
1312,Student_1312,21,78
1313,Student_1313,23,95
1314,Student_1314,22,65
1315,Student_1315,21,60
1316,Student_1316,21,99
1317,Student_1317,22,89
1318,Student_1318,18,84
1319,Student_1319,21,51
1320,Student_1320,22,90
1321,Student_1321,20,99
1322,Student_1322,24,60
1323,Student_1323,25,58
1324,Student_1324,19,54
1325,Student_1325,18,64
1326,Student_1326,22,74
1327,Student_1327,25,75
1328,Student_1328,24,66
1329,Student_1329,21,94
1330,Student_1330,25,78
1331,Student_1331,24,64
1332,Student_1332,18,77
1333,Student_1333,21,60
1334,Student_1334,23,70
1335,Student_1335,18,64
1336,Student_1336,21,76
1337,Student_1337,25,94
1338,Student_1338,20,95
1339,Student_1339,20,63
1340,Student_1340,23,51
1341,Student_1341,24,64
1342,Student_1342,20,73
1343,Student_1343,24,70
1344,Student_1344,24,75
1345,Student_1345,22,55
1346,Student_1346,20,83
1347,Student_1347,23,63
1348,Student_1348,22,55
1349,Student_1349,23,64
1350,Student_1350,20,73
1351,Student_1351,24,95
1352,Student_1352,22,52
1353,Student_1353,22,57
1354,Student_1354,24,98
1355,Student_1355,24,65
1356,Student_1356,21,79
1357,Student_1357,25,95
1358,Student_1358,18,97
1359,Student_1359,23,68
1360,Student_1360,24,56
1361,Student_1361,23,73
1362,Student_1362,23,68
1363,Student_1363,21,54
1364,Student_1364,20,69
1365,Student_1365,18,80
1366,Student_1366,24,90
1367,Student_1367,23,64
1368,Student_1368,24,77
1369,Student_1369,25,51
1370,Student_1370,20,88
1371,Student_1371,19,82
1372,Student_1372,20,89
1373,Student_1373,18,83
1374,Student_1374,25,86
1375,Student_1375,24,93
1376,Student_1376,23,52
1377,Student_1377,20,71
1378,Student_1378,22,85
1379,Student_1379,20,93
1380,Student_1380,23,59
1381,Student_1381,22,81
1382,Student_1382,20,94
1383,Student_1383,22,52
1384,Student_1384,23,99
1385,Student_1385,18,64
1386,Student_1386,18,57
1387,Student_1387,20,82
1388,Student_1388,21,55
1389,Student_1389,23,71
1390,Student_1390,22,98
1391,Student_1391,18,68
1392,Student_1392,18,50
1393,Student_1393,20,58
1394,Student_1394,19,57
1395,Student_1395,18,63
1396,Student_1396,22,78
1397,Student_1397,24,99
1398,Student_1398,25,91
1399,Student_1399,22,59
1400,Student_1400,25,54
1401,Student_1401,18,64
1402,Student_1402,25,69
1403,Student_1403,24,96
1404,Student_1404,25,64
1405,Student_1405,21,74
1406,Student_1406,20,89
1407,Student_1407,24,62
1408,Student_1408,20,57
1409,Student_1409,24,97
1410,Student_1410,25,88
1411,Student_1411,18,74
1412,Student_1412,25,95
1413,Student_1413,20,69
1414,Student_1414,25,70
1415,Student_1415,20,99
1416,Student_1416,20,78
1417,Student_1417,23,60
1418,Student_1418,25,87
1419,Student_1419,23,70
1420,Student_1420,22,95
1421,Student_1421,21,52
1422,Student_1422,21,100
1423,Student_1423,22,51
1424,Student_1424,18,52
1425,Student_1425,23,77
1426,Student_1426,18,77
1427,Student_1427,18,64
1428,Student_1428,22,97
1429,Student_1429,20,56
1430,Student_1430,24,95
1431,Student_1431,25,99
1432,Student_1432,18,71
1433,Student_1433,22,56
1434,Student_1434,19,100
1435,Student_1435,23,99
1436,Student_1436,19,73
1437,Student_1437,19,60
1438,Student_1438,23,97
1439,Student_1439,24,71
1440,Student_1440,25,74
1441,Student_1441,24,86
1442,Student_1442,25,60
1443,Student_1443,23,98
1444,Student_1444,24,57
1445,Student_1445,19,86
1446,Student_1446,19,77
1447,Student_1447,24,70
1448,Student_1448,18,81
1449,Student_1449,21,60
1450,Student_1450,22,98
1451,Student_1451,20,63
1452,Student_1452,21,91
1453,Student_1453,18,74
1454,Student_1454,18,88
1455,Student_1455,18,63
1456,Student_1456,23,74
1457,Student_1457,18,93
1458,Student_1458,25,63
1459,Student_1459,23,53
1460,Student_1460,24,78
1461,Student_1461,21,70
1462,Student_1462,21,55
1463,Student_1463,20,79
1464,Student_1464,22,94
1465,Student_1465,19,93
1466,Student_1466,24,76
1467,Student_1467,19,84
1468,Student_1468,24,89
1469,Student_1469,23,98
1470,Student_1470,21,92
1471,Student_1471,24,89
1472,Student_1472,23,65
1473,Student_1473,23,73
1474,Student_1474,18,81
1475,Student_1475,19,62
1476,Student_1476,21,57
1477,Student_1477,23,63
1478,Student_1478,22,94
1479,Student_1479,21,86
1480,Student_1480,24,57
1481,Student_1481,24,96
1482,Student_1482,19,75
1483,Student_1483,18,74
1484,Student_1484,21,58
1485,Student_1485,18,50
1486,Student_1486,18,65
1487,Student_1487,21,94
1488,Student_1488,18,95
1489,Student_1489,23,66
1490,Student_1490,23,91
1491,Student_1491,20,58
1492,Student_1492,23,61
1493,Student_1493,21,70
1494,Student_1494,20,83
1495,Student_1495,19,61
1496,Student_1496,20,75
1497,Student_1497,23,67
1498,Student_1498,25,77
1499,Student_1499,20,89
1500,Student_1500,19,76
1501,Student_1501,21,72
1502,Student_1502,20,64
1503,Student_1503,19,91
1504,Student_1504,24,64
1505,Student_1505,25,85
1506,Student_1506,22,92
1507,Student_1507,24,66
1508,Student_1508,19,51
1509,Student_1509,19,79
1510,Student_1510,19,77
1511,Student_1511,18,94
1512,Student_1512,19,96
1513,Student_1513,21,100
1514,Student_1514,19,82
1515,Student_1515,23,93
1516,Student_1516,18,90
1517,Student_1517,18,58
1518,Student_1518,24,95
1519,Student_1519,24,88
1520,Student_1520,21,57
1521,Student_1521,21,68
1522,Student_1522,21,65
1523,Student_1523,23,96
1524,Student_1524,21,96
1525,Student_1525,18,55
1526,Student_1526,22,62
1527,Student_1527,22,70
1528,Student_1528,25,86
1529,Student_1529,23,77
1530,Student_1530,18,52
1531,Student_1531,18,93
1532,Student_1532,18,81
1533,Student_1533,25,72
1534,Student_1534,19,67
1535,Student_1535,23,99
1536,Student_1536,21,57
1537,Student_1537,20,53
1538,Student_1538,23,57
1539,Student_1539,20,67
1540,Student_1540,24,69
1541,Student_1541,20,61
1542,Student_1542,20,61
1543,Student_1543,25,98
1544,Student_1544,22,71
1545,Student_1545,20,52
1546,Student_1546,23,100
1547,Student_1547,18,86
1548,Student_1548,23,62
1549,Student_1549,19,91
1550,Student_1550,18,79
1551,Student_1551,22,55
1552,Student_1552,24,66
1553,Student_1553,18,58
1554,Student_1554,18,83
1555,Student_1555,24,57
1556,Student_1556,18,98
1557,Student_1557,19,94
1558,Student_1558,24,58
1559,Student_1559,19,67
1560,Student_1560,23,62
1561,Student_1561,19,73
1562,Student_1562,22,59
1563,Student_1563,24,52
1564,Student_1564,19,100
1565,Student_1565,18,86
1566,Student_1566,18,70
1567,Student_1567,20,82
1568,Student_1568,25,86
1569,Student_1569,20,82
1570,Student_1570,18,67
1571,Student_1571,22,65
1572,Student_1572,23,82
1573,Student_1573,18,60
1574,Student_1574,18,68
1575,Student_1575,24,97
1576,Student_1576,25,100
1577,Student_1577,21,88
1578,Student_1578,21,95
1579,Student_1579,25,59
1580,Student_1580,19,51
1581,Student_1581,23,71
1582,Student_1582,20,82
1583,Student_1583,22,55
1584,Student_1584,25,64
1585,Student_1585,25,70
1586,Student_1586,18,67
1587,Student_1587,23,64
1588,Student_1588,18,92
1589,Student_1589,25,86
1590,Student_1590,18,82
1591,Student_1591,21,74
1592,Student_1592,18,89
1593,Student_1593,19,62
1594,Student_1594,18,50
1595,Student_1595,22,68
1596,Student_1596,21,52
1597,Student_1597,24,73
1598,Student_1598,21,63
1599,Student_1599,20,70
1600,Student_1600,18,96
1601,Student_1601,25,56
1602,Student_1602,22,64
1603,Student_1603,24,76
1604,Student_1604,25,80
1605,Student_1605,19,95
1606,Student_1606,24,90
1607,Student_1607,19,53
1608,Student_1608,24,52
1609,Student_1609,23,50
1610,Student_1610,25,56
1611,Student_1611,18,83
1612,Student_1612,22,62
1613,Student_1613,21,77
1614,Student_1614,20,67
1615,Student_1615,18,81
1616,Student_1616,24,51
1617,Student_1617,22,61
1618,Student_1618,23,66
1619,Student_1619,19,95
1620,Student_1620,23,53
1621,Student_1621,24,74
1622,Student_1622,20,76
1623,Student_1623,22,76
1624,Student_1624,18,68
1625,Student_1625,20,54
1626,Student_1626,24,73
1627,Student_1627,21,54
1628,Student_1628,22,53
1629,Student_1629,21,55
1630,Student_1630,19,59
1631,Student_1631,20,58
1632,Student_1632,18,85
1633,Student_1633,25,85
1634,Student_1634,23,100
1635,Student_1635,25,60
1636,Student_1636,20,98
1637,Student_1637,18,76
1638,Student_1638,25,86
1639,Student_1639,19,87
1640,Student_1640,22,56
1641,Student_1641,22,88
1642,Student_1642,19,70
1643,Student_1643,20,75
1644,Student_1644,20,72
1645,Student_1645,20,69
1646,Student_1646,20,98
1647,Student_1647,20,90
1648,Student_1648,23,78
1649,Student_1649,19,82
1650,Student_1650,24,91
1651,Student_1651,25,60
1652,Student_1652,19,62
1653,Student_1653,21,91
1654,Student_1654,20,72
1655,Student_1655,23,71
1656,Student_1656,21,51
1657,Student_1657,24,77
1658,Student_1658,18,90
1659,Student_1659,19,80
1660,Student_1660,19,56
1661,Student_1661,24,79
1662,Student_1662,24,54
1663,Student_1663,22,94
1664,Student_1664,18,99
1665,Student_1665,25,71
1666,Student_1666,24,85
1667,Student_1667,21,70
1668,Student_1668,22,69
1669,Student_1669,20,67
1670,Student_1670,19,91
1671,Student_1671,19,83
1672,Student_1672,23,85
1673,Student_1673,24,51
1674,Student_1674,19,83
1675,Student_1675,25,50
1676,Student_1676,20,94
1677,Student_1677,24,93
1678,Student_1678,18,79
1679,Student_1679,22,90
1680,Student_1680,20,78
1681,Student_1681,20,57
1682,Student_1682,20,60
1683,Student_1683,25,99
1684,Student_1684,20,86
1685,Student_1685,22,79
1686,Student_1686,20,63
1687,Student_1687,25,94
1688,Student_1688,22,60
1689,Student_1689,20,94
1690,Student_1690,18,85
1691,Student_1691,21,98
1692,Student_1692,20,67
1693,Student_1693,25,74
1694,Student_1694,22,82
1695,Student_1695,23,83
1696,Student_1696,22,74
1697,Student_1697,23,71
1698,Student_1698,21,99
1699,Student_1699,24,51
1700,Student_1700,18,58
1701,Student_1701,24,61
1702,Student_1702,24,87
1703,Student_1703,20,78
1704,Student_1704,23,74
1705,Student_1705,24,65
1706,Student_1706,25,75
1707,Student_1707,20,69
1708,Student_1708,19,100
1709,Student_1709,24,60
1710,Student_1710,20,77
1711,Student_1711,19,85
1712,Student_1712,23,93
1713,Student_1713,20,67
1714,Student_1714,25,93
1715,Student_1715,19,95
1716,Student_1716,25,90
1717,Student_1717,20,83
1718,Student_1718,24,57
1719,Student_1719,25,62
1720,Student_1720,19,77
1721,Student_1721,25,85
1722,Student_1722,24,63
1723,Student_1723,25,100
1724,Student_1724,24,60
1725,Student_1725,25,71
1726,Student_1726,20,66
1727,Student_1727,21,67
1728,Student_1728,24,81
1729,Student_1729,21,69
1730,Student_1730,18,69
1731,Student_1731,25,98
1732,Student_1732,20,87
1733,Student_1733,20,94
1734,Student_1734,24,72
1735,Student_1735,24,73
1736,Student_1736,24,65
1737,Student_1737,24,59
1738,Student_1738,20,88
1739,Student_1739,20,67
1740,Student_1740,25,89
1741,Student_1741,20,71
1742,Student_1742,24,72
1743,Student_1743,19,54
1744,Student_1744,19,75
1745,Student_1745,24,60
1746,Student_1746,25,53
1747,Student_1747,25,83
1748,Student_1748,25,75
1749,Student_1749,21,63
1750,Student_1750,20,68
1751,Student_1751,21,61
1752,Student_1752,24,85
1753,Student_1753,24,94
1754,Student_1754,19,96
1755,Student_1755,18,62
1756,Student_1756,23,77
1757,Student_1757,24,92
1758,Student_1758,18,86
1759,Student_1759,22,99
1760,Student_1760,24,81
1761,Student_1761,24,71
1762,Student_1762,22,98
1763,Student_1763,21,54
1764,Student_1764,23,68
1765,Student_1765,21,91
1766,Student_1766,25,99
1767,Student_1767,20,95
1768,Student_1768,22,53
1769,Student_1769,25,83
1770,Student_1770,20,55
1771,Student_1771,18,86
1772,Student_1772,21,61
1773,Student_1773,18,67
1774,Student_1774,21,95
1775,Student_1775,24,61
1776,Student_1776,23,73
1777,Student_1777,24,75
1778,Student_1778,19,78
1779,Student_1779,22,50
1780,Student_1780,22,94
1781,Student_1781,21,82
1782,Student_1782,25,57
1783,Student_1783,24,80
1784,Student_1784,20,95
1785,Student_1785,20,72
1786,Student_1786,22,94
1787,Student_1787,25,80
1788,Student_1788,23,77
1789,Student_1789,19,99
1790,Student_1790,25,61
1791,Student_1791,22,55
1792,Student_1792,24,52
1793,Student_1793,19,70
1794,Student_1794,22,73
1795,Student_1795,22,73
1796,Student_1796,24,98
1797,Student_1797,22,87
1798,Student_1798,24,85
1799,Student_1799,18,94
1800,Student_1800,18,64
1801,Student_1801,21,91
1802,Student_1802,23,50
1803,Student_1803,20,80
1804,Student_1804,25,58
1805,Student_1805,25,78
1806,Student_1806,23,98
1807,Student_1807,21,79
1808,Student_1808,20,100
1809,Student_1809,24,66
1810,Student_1810,19,54
1811,Student_1811,21,66
1812,Student_1812,18,56
1813,Student_1813,23,90
1814,Student_1814,19,97
1815,Student_1815,20,92
1816,Student_1816,21,85
1817,Student_1817,22,87
1818,Student_1818,24,81
1819,Student_1819,18,82
1820,Student_1820,23,50
1821,Student_1821,19,91
1822,Student_1822,19,64
1823,Student_1823,21,66
1824,Student_1824,22,98
1825,Student_1825,19,91
1826,Student_1826,24,87
1827,Student_1827,19,64
1828,Student_1828,23,70
1829,Student_1829,23,89
1830,Student_1830,21,54
1831,Student_1831,19,50
1832,Student_1832,24,78
1833,Student_1833,20,94
1834,Student_1834,24,73
1835,Student_1835,22,82
1836,Student_1836,20,97
1837,Student_1837,22,99
1838,Student_1838,19,58
1839,Student_1839,21,76
1840,Student_1840,23,58
1841,Student_1841,23,65
1842,Student_1842,23,86
1843,Student_1843,20,54
1844,Student_1844,20,61
1845,Student_1845,18,89
1846,Student_1846,22,98
1847,Student_1847,24,51
1848,Student_1848,21,94
1849,Student_1849,18,86
1850,Student_1850,21,90
1851,Student_1851,23,64
1852,Student_1852,25,52
1853,Student_1853,23,85
1854,Student_1854,19,84
1855,Student_1855,18,65
1856,Student_1856,22,61
1857,Student_1857,20,67
1858,Student_1858,18,68
1859,Student_1859,25,85
1860,Student_1860,21,85
1861,Student_1861,18,76
1862,Student_1862,20,59
1863,Student_1863,18,100
1864,Student_1864,20,91
1865,Student_1865,21,73
1866,Student_1866,19,81
1867,Student_1867,24,51
1868,Student_1868,20,57
1869,Student_1869,22,70
1870,Student_1870,18,57
1871,Student_1871,24,99
1872,Student_1872,20,98
1873,Student_1873,19,59
1874,Student_1874,20,97
1875,Student_1875,20,76
1876,Student_1876,24,51
1877,Student_1877,20,63
1878,Student_1878,23,95
1879,Student_1879,23,82
1880,Student_1880,24,75
1881,Student_1881,20,65
1882,Student_1882,25,50
1883,Student_1883,20,88
1884,Student_1884,24,90
1885,Student_1885,21,88
1886,Student_1886,18,96
1887,Student_1887,18,98
1888,Student_1888,19,51
1889,Student_1889,18,70
1890,Student_1890,18,64
1891,Student_1891,25,93
1892,Student_1892,22,77
1893,Student_1893,18,71
1894,Student_1894,24,62
1895,Student_1895,23,65
1896,Student_1896,23,88
1897,Student_1897,24,54
1898,Student_1898,19,50
1899,Student_1899,24,80
1900,Student_1900,19,71
1901,Student_1901,23,63
1902,Student_1902,19,99
1903,Student_1903,24,94
1904,Student_1904,20,72
1905,Student_1905,24,53
1906,Student_1906,24,95
1907,Student_1907,20,64
1908,Student_1908,19,68
1909,Student_1909,22,81
1910,Student_1910,20,90
1911,Student_1911,21,63
1912,Student_1912,20,92
1913,Student_1913,22,62
1914,Student_1914,19,64
1915,Student_1915,18,91
1916,Student_1916,22,88
1917,Student_1917,24,88
1918,Student_1918,22,77
1919,Student_1919,23,86
1920,Student_1920,24,59
1921,Student_1921,22,62
1922,Student_1922,24,56
1923,Student_1923,23,53
1924,Student_1924,19,84
1925,Student_1925,22,89
1926,Student_1926,22,66
1927,Student_1927,18,93
1928,Student_1928,19,86
1929,Student_1929,21,79
1930,Student_1930,18,93
1931,Student_1931,18,78
1932,Student_1932,19,54
1933,Student_1933,18,64
1934,Student_1934,22,92
1935,Student_1935,22,87
1936,Student_1936,20,58
1937,Student_1937,18,100
1938,Student_1938,24,55
1939,Student_1939,25,90
1940,Student_1940,23,61
1941,Student_1941,23,87
1942,Student_1942,24,55
1943,Student_1943,22,62
1944,Student_1944,25,66
1945,Student_1945,22,68
1946,Student_1946,21,93
1947,Student_1947,22,64
1948,Student_1948,19,93
1949,Student_1949,25,61
1950,Student_1950,23,86
1951,Student_1951,25,82
1952,Student_1952,18,81
1953,Student_1953,18,61
1954,Student_1954,19,64
1955,Student_1955,20,64
1956,Student_1956,25,95
1957,Student_1957,25,93
1958,Student_1958,19,69
1959,Student_1959,21,61
1960,Student_1960,21,87
1961,Student_1961,19,93
1962,Student_1962,20,55
1963,Student_1963,18,50
1964,Student_1964,25,57
1965,Student_1965,21,52
1966,Student_1966,24,82
1967,Student_1967,25,65
1968,Student_1968,25,62
1969,Student_1969,20,55
1970,Student_1970,20,97
1971,Student_1971,24,95
1972,Student_1972,19,51
1973,Student_1973,21,54
1974,Student_1974,23,60
1975,Student_1975,25,68
1976,Student_1976,19,80
1977,Student_1977,20,50
1978,Student_1978,21,90
1979,Student_1979,23,86
1980,Student_1980,22,54
1981,Student_1981,24,94
1982,Student_1982,24,62
1983,Student_1983,18,96
1984,Student_1984,18,73
1985,Student_1985,20,91
1986,Student_1986,25,80
1987,Student_1987,25,89
1988,Student_1988,19,79
1989,Student_1989,19,63
1990,Student_1990,22,70
1991,Student_1991,23,70
1992,Student_1992,22,70
1993,Student_1993,23,70
1994,Student_1994,24,100
1995,Student_1995,25,69
1996,Student_1996,22,93
1997,Student_1997,19,55
1998,Student_1998,19,82
1999,Student_1999,18,79
2000,Student_2000,19,89
2001,Student_2001,24,86
2002,Student_2002,20,99
2003,Student_2003,20,81
2004,Student_2004,20,89
2005,Student_2005,25,93
2006,Student_2006,23,83
2007,Student_2007,24,85
2008,Student_2008,18,88
2009,Student_2009,25,79
2010,Student_2010,21,70
2011,Student_2011,22,90
2012,Student_2012,22,64
2013,Student_2013,23,91
2014,Student_2014,20,59
2015,Student_2015,21,64
2016,Student_2016,21,90
2017,Student_2017,22,78
2018,Student_2018,22,77
2019,Student_2019,18,55
2020,Student_2020,21,55
2021,Student_2021,23,73
2022,Student_2022,20,59
2023,Student_2023,19,65
2024,Student_2024,19,75
2025,Student_2025,20,54
2026,Student_2026,25,97
2027,Student_2027,22,100
2028,Student_2028,19,53
2029,Student_2029,20,62
2030,Student_2030,21,67
2031,Student_2031,23,60
2032,Student_2032,22,64
2033,Student_2033,20,78
2034,Student_2034,19,90
2035,Student_2035,23,66
2036,Student_2036,24,76
2037,Student_2037,21,53
2038,Student_2038,24,55
2039,Student_2039,24,85
2040,Student_2040,25,82
2041,Student_2041,22,93
2042,Student_2042,25,53
2043,Student_2043,24,89
2044,Student_2044,23,79
2045,Student_2045,23,84
2046,Student_2046,18,59
2047,Student_2047,19,98
2048,Student_2048,18,71
2049,Student_2049,18,54
2050,Student_2050,25,67
2051,Student_2051,22,75
2052,Student_2052,24,53
2053,Student_2053,23,68
2054,Student_2054,18,53
2055,Student_2055,22,86
2056,Student_2056,24,80
2057,Student_2057,24,84
2058,Student_2058,21,72
2059,Student_2059,24,56
2060,Student_2060,22,94
2061,Student_2061,21,70
2062,Student_2062,20,96
2063,Student_2063,19,72
2064,Student_2064,24,55
2065,Student_2065,21,71
2066,Student_2066,21,69
2067,Student_2067,18,87
2068,Student_2068,24,51
2069,Student_2069,22,65
2070,Student_2070,19,53
2071,Student_2071,21,63
2072,Student_2072,25,77
2073,Student_2073,19,50
2074,Student_2074,20,52
2075,Student_2075,25,64
2076,Student_2076,21,50
2077,Student_2077,21,80
2078,Student_2078,18,75
2079,Student_2079,23,53
2080,Student_2080,21,53
2081,Student_2081,20,61
2082,Student_2082,22,85
2083,Student_2083,22,56
2084,Student_2084,18,60
2085,Student_2085,23,59
2086,Student_2086,20,50
2087,Student_2087,19,90
2088,Student_2088,19,62
2089,Student_2089,19,78
2090,Student_2090,20,89
2091,Student_2091,25,52
2092,Student_2092,20,97
2093,Student_2093,24,50
2094,Student_2094,20,67
2095,Student_2095,25,80
2096,Student_2096,24,80
2097,Student_2097,19,56
2098,Student_2098,24,93
2099,Student_2099,20,52
2100,Student_2100,25,81
2101,Student_2101,24,98
2102,Student_2102,18,100
2103,Student_2103,24,100
2104,Student_2104,21,68
2105,Student_2105,23,64
2106,Student_2106,25,62
2107,Student_2107,19,71
2108,Student_2108,21,61
2109,Student_2109,24,100
2110,Student_2110,18,59
2111,Student_2111,21,76
2112,Student_2112,21,60
2113,Student_2113,24,70
2114,Student_2114,21,56
2115,Student_2115,22,97
2116,Student_2116,22,58
2117,Student_2117,25,71
2118,Student_2118,20,75
2119,Student_2119,24,88
2120,Student_2120,25,72
2121,Student_2121,24,54
2122,Student_2122,21,97
2123,Student_2123,19,54
2124,Student_2124,23,95
2125,Student_2125,20,90
2126,Student_2126,18,84
2127,Student_2127,19,85
2128,Student_2128,22,88
2129,Student_2129,18,77
2130,Student_2130,25,94
2131,Student_2131,19,99
2132,Student_2132,20,71
2133,Student_2133,21,70
2134,Student_2134,24,68
2135,Student_2135,20,57
2136,Student_2136,20,86
2137,Student_2137,20,73
2138,Student_2138,23,73
2139,Student_2139,25,96
2140,Student_2140,22,58
2141,Student_2141,23,53
2142,Student_2142,25,70
2143,Student_2143,19,60
2144,Student_2144,20,86
2145,Student_2145,23,57
2146,Student_2146,21,65
2147,Student_2147,23,94
2148,Student_2148,24,78
2149,Student_2149,24,63
2150,Student_2150,20,96
2151,Student_2151,24,68
2152,Student_2152,23,90
2153,Student_2153,19,51
2154,Student_2154,20,70
2155,Student_2155,18,96
2156,Student_2156,18,86
2157,Student_2157,22,95
2158,Student_2158,21,86
2159,Student_2159,25,91
2160,Student_2160,22,86
2161,Student_2161,21,69
2162,Student_2162,21,59
2163,Student_2163,20,79
2164,Student_2164,19,84
2165,Student_2165,25,78
2166,Student_2166,19,97
2167,Student_2167,25,56
2168,Student_2168,22,88
2169,Student_2169,25,52
2170,Student_2170,18,83
2171,Student_2171,22,60
2172,Student_2172,19,85
2173,Student_2173,20,52
2174,Student_2174,22,66
2175,Student_2175,19,99
2176,Student_2176,24,89
2177,Student_2177,25,59
2178,Student_2178,21,97
2179,Student_2179,25,82
2180,Student_2180,24,78
2181,Student_2181,23,90
2182,Student_2182,25,53
2183,Student_2183,19,51
2184,Student_2184,24,96
2185,Student_2185,23,93
2186,Student_2186,21,97
2187,Student_2187,24,92
2188,Student_2188,21,61
2189,Student_2189,18,54
2190,Student_2190,19,53
2191,Student_2191,21,69
2192,Student_2192,21,59
2193,Student_2193,23,71
2194,Student_2194,20,77
2195,Student_2195,21,88
2196,Student_2196,22,86
2197,Student_2197,21,76
2198,Student_2198,21,52
2199,Student_2199,21,63
2200,Student_2200,22,65
2201,Student_2201,18,64
2202,Student_2202,23,82
2203,Student_2203,22,84
2204,Student_2204,24,96
2205,Student_2205,19,98
2206,Student_2206,23,75
2207,Student_2207,24,69
2208,Student_2208,20,55
2209,Student_2209,19,74
2210,Student_2210,22,59
2211,Student_2211,19,93
2212,Student_2212,21,51
2213,Student_2213,21,92
2214,Student_2214,21,91
2215,Student_2215,25,50
2216,Student_2216,22,92
2217,Student_2217,19,96
2218,Student_2218,25,64
2219,Student_2219,21,77
2220,Student_2220,19,75
2221,Student_2221,19,82
2222,Student_2222,21,94
2223,Student_2223,18,90
2224,Student_2224,18,59
2225,Student_2225,25,99
2226,Student_2226,22,90
2227,Student_2227,22,63
2228,Student_2228,21,75
2229,Student_2229,22,93
2230,Student_2230,23,64
2231,Student_2231,21,95
2232,Student_2232,25,63
2233,Student_2233,19,96
2234,Student_2234,21,52
2235,Student_2235,24,75
2236,Student_2236,21,76
2237,Student_2237,19,54
2238,Student_2238,21,61
2239,Student_2239,22,81
2240,Student_2240,22,69
2241,Student_2241,25,94
2242,Student_2242,23,52
2243,Student_2243,23,57
2244,Student_2244,25,58
2245,Student_2245,25,50
2246,Student_2246,20,66
2247,Student_2247,21,94
2248,Student_2248,24,74
2249,Student_2249,24,99
2250,Student_2250,18,91
2251,Student_2251,21,79
2252,Student_2252,20,55
2253,Student_2253,19,88
2254,Student_2254,23,62
2255,Student_2255,24,78
2256,Student_2256,19,87
2257,Student_2257,24,59
2258,Student_2258,18,78
2259,Student_2259,24,77
2260,Student_2260,18,65
2261,Student_2261,23,64
2262,Student_2262,25,85
2263,Student_2263,18,75
2264,Student_2264,25,75
2265,Student_2265,21,70
2266,Student_2266,22,50
2267,Student_2267,19,66
2268,Student_2268,18,97
2269,Student_2269,21,52
2270,Student_2270,24,72
2271,Student_2271,23,91
2272,Student_2272,19,86
2273,Student_2273,24,70
2274,Student_2274,20,88
2275,Student_2275,21,76
2276,Student_2276,20,55
2277,Student_2277,21,62
2278,Student_2278,19,58
2279,Student_2279,20,99
2280,Student_2280,24,58
2281,Student_2281,23,71
2282,Student_2282,25,88
2283,Student_2283,25,79
2284,Student_2284,25,100
2285,Student_2285,24,76
2286,Student_2286,19,52
2287,Student_2287,21,75
2288,Student_2288,25,51
2289,Student_2289,20,82
2290,Student_2290,18,62
2291,Student_2291,22,52
2292,Student_2292,18,67
2293,Student_2293,24,57
2294,Student_2294,23,80
2295,Student_2295,20,51
2296,Student_2296,25,82
2297,Student_2297,22,78
2298,Student_2298,22,52
2299,Student_2299,24,62
2300,Student_2300,23,64
2301,Student_2301,21,82
2302,Student_2302,19,73
2303,Student_2303,23,52
2304,Student_2304,22,99
2305,Student_2305,24,61
2306,Student_2306,20,69
2307,Student_2307,20,70
2308,Student_2308,19,62
2309,Student_2309,25,68
2310,Student_2310,24,74
2311,Student_2311,23,70
2312,Student_2312,24,70
2313,Student_2313,23,81
2314,Student_2314,24,61
2315,Student_2315,24,82
2316,Student_2316,22,80
2317,Student_2317,21,73
2318,Student_2318,21,56
2319,Student_2319,21,65
2320,Student_2320,19,72
2321,Student_2321,21,96
2322,Student_2322,22,71
2323,Student_2323,20,74
2324,Student_2324,18,72
2325,Student_2325,24,59
2326,Student_2326,21,61
2327,Student_2327,22,51
2328,Student_2328,20,89
2329,Student_2329,20,82
2330,Student_2330,23,65
2331,Student_2331,24,86
2332,Student_2332,18,83
2333,Student_2333,20,79
2334,Student_2334,19,91
2335,Student_2335,20,88
2336,Student_2336,22,53
2337,Student_2337,25,63
2338,Student_2338,24,70
2339,Student_2339,22,87
2340,Student_2340,24,69
2341,Student_2341,23,65
2342,Student_2342,20,97
2343,Student_2343,21,92
2344,Student_2344,23,51
2345,Student_2345,22,69
2346,Student_2346,20,57
2347,Student_2347,19,59
2348,Student_2348,25,98
2349,Student_2349,18,69
2350,Student_2350,21,82
2351,Student_2351,24,60
2352,Student_2352,25,55
2353,Student_2353,20,91
2354,Student_2354,21,92
2355,Student_2355,23,51
2356,Student_2356,19,74
2357,Student_2357,24,68
2358,Student_2358,21,55
2359,Student_2359,19,72
2360,Student_2360,19,85
2361,Student_2361,25,67
2362,Student_2362,22,64
2363,Student_2363,24,89
2364,Student_2364,18,62
2365,Student_2365,24,77
2366,Student_2366,23,59
2367,Student_2367,23,55
2368,Student_2368,18,53
2369,Student_2369,23,75
2370,Student_2370,24,79
2371,Student_2371,21,69
2372,Student_2372,25,91
2373,Student_2373,23,93
2374,Student_2374,22,84
2375,Student_2375,22,93
2376,Student_2376,19,72
2377,Student_2377,19,63
2378,Student_2378,25,74
2379,Student_2379,20,59
2380,Student_2380,24,66
2381,Student_2381,25,73
2382,Student_2382,21,53
2383,Student_2383,20,81
2384,Student_2384,22,62
2385,Student_2385,20,72
2386,Student_2386,25,61
2387,Student_2387,18,83
2388,Student_2388,22,75
2389,Student_2389,18,90
2390,Student_2390,20,78
2391,Student_2391,19,53
2392,Student_2392,25,72
2393,Student_2393,22,72
2394,Student_2394,18,60
2395,Student_2395,25,100
2396,Student_2396,21,51
2397,Student_2397,22,77
2398,Student_2398,21,68
2399,Student_2399,24,82
2400,Student_2400,19,77
2401,Student_2401,18,97
2402,Student_2402,21,94
2403,Student_2403,19,97
2404,Student_2404,23,80
2405,Student_2405,25,84
2406,Student_2406,23,82
2407,Student_2407,25,90
2408,Student_2408,18,87
2409,Student_2409,18,74
2410,Student_2410,24,84
2411,Student_2411,25,79
2412,Student_2412,19,100
2413,Student_2413,18,80
2414,Student_2414,19,97
2415,Student_2415,22,96
2416,Student_2416,24,54
2417,Student_2417,20,64
2418,Student_2418,24,57
2419,Student_2419,19,77
2420,Student_2420,20,81
2421,Student_2421,25,52
2422,Student_2422,23,73
2423,Student_2423,21,96
2424,Student_2424,18,77
2425,Student_2425,25,68
2426,Student_2426,18,58
2427,Student_2427,25,87
2428,Student_2428,21,95
2429,Student_2429,20,97
2430,Student_2430,23,76
2431,Student_2431,19,67
2432,Student_2432,22,95
2433,Student_2433,22,65
2434,Student_2434,23,83
2435,Student_2435,22,100
2436,Student_2436,20,51
2437,Student_2437,23,75
2438,Student_2438,20,91
2439,Student_2439,22,86
2440,Student_2440,22,54
2441,Student_2441,18,95
2442,Student_2442,21,80
2443,Student_2443,18,98
2444,Student_2444,24,62
2445,Student_2445,23,66
2446,Student_2446,21,54
2447,Student_2447,22,71
2448,Student_2448,23,56
2449,Student_2449,18,53
2450,Student_2450,21,90
2451,Student_2451,18,57
2452,Student_2452,19,67
2453,Student_2453,25,86
2454,Student_2454,24,90
2455,Student_2455,23,72
2456,Student_2456,22,73
2457,Student_2457,24,59
2458,Student_2458,22,56
2459,Student_2459,25,82
2460,Student_2460,23,72
2461,Student_2461,19,52
2462,Student_2462,21,55
2463,Student_2463,22,60
2464,Student_2464,21,51
2465,Student_2465,21,51
2466,Student_2466,25,95
2467,Student_2467,22,54
2468,Student_2468,25,75
2469,Student_2469,25,96
2470,Student_2470,23,51
2471,Student_2471,25,66
2472,Student_2472,24,99
2473,Student_2473,23,94
2474,Student_2474,24,53
2475,Student_2475,20,86
2476,Student_2476,22,53
2477,Student_2477,18,71
2478,Student_2478,25,86
2479,Student_2479,18,74
2480,Student_2480,19,61
2481,Student_2481,24,79
2482,Student_2482,21,81
2483,Student_2483,24,72
2484,Student_2484,25,72
2485,Student_2485,20,96
2486,Student_2486,24,54
2487,Student_2487,22,52
2488,Student_2488,22,50
2489,Student_2489,25,64
2490,Student_2490,22,53
2491,Student_2491,22,75
2492,Student_2492,23,82
2493,Student_2493,21,89
2494,Student_2494,21,79
2495,Student_2495,19,97
2496,Student_2496,18,60
2497,Student_2497,24,83
2498,Student_2498,24,75
2499,Student_2499,20,91
2500,Student_2500,24,86
2501,Student_2501,23,52
2502,Student_2502,21,99
2503,Student_2503,19,62
2504,Student_2504,24,68
2505,Student_2505,20,63
2506,Student_2506,24,65
2507,Student_2507,21,80
2508,Student_2508,24,60
2509,Student_2509,19,55
2510,Student_2510,19,89
2511,Student_2511,21,67
2512,Student_2512,23,69
2513,Student_2513,24,72
2514,Student_2514,23,89
2515,Student_2515,23,57
2516,Student_2516,18,71
2517,Student_2517,25,63
2518,Student_2518,23,91
2519,Student_2519,19,55
2520,Student_2520,18,71
2521,Student_2521,20,55
2522,Student_2522,18,62
2523,Student_2523,22,83
2524,Student_2524,23,54
2525,Student_2525,25,66
2526,Student_2526,21,53
2527,Student_2527,21,98
2528,Student_2528,24,70
2529,Student_2529,24,54
2530,Student_2530,20,85
2531,Student_2531,25,98
2532,Student_2532,19,56
2533,Student_2533,20,93
2534,Student_2534,20,89
2535,Student_2535,19,60
2536,Student_2536,20,66
2537,Student_2537,25,75
2538,Student_2538,24,68
2539,Student_2539,23,54
2540,Student_2540,25,85
2541,Student_2541,20,100
2542,Student_2542,18,87
2543,Student_2543,25,95
2544,Student_2544,18,86
2545,Student_2545,24,86
2546,Student_2546,20,76
2547,Student_2547,19,55
2548,Student_2548,25,84
2549,Student_2549,21,98
2550,Student_2550,18,95
2551,Student_2551,20,78
2552,Student_2552,25,55
2553,Student_2553,23,69
2554,Student_2554,23,98
2555,Student_2555,20,80
2556,Student_2556,19,64
2557,Student_2557,21,71
2558,Student_2558,23,95
2559,Student_2559,25,98
2560,Student_2560,19,67
2561,Student_2561,24,54
2562,Student_2562,22,98
2563,Student_2563,23,64
2564,Student_2564,19,72
2565,Student_2565,20,62
2566,Student_2566,23,78
2567,Student_2567,18,57
2568,Student_2568,19,78
2569,Student_2569,18,100
2570,Student_2570,19,68
2571,Student_2571,21,59
2572,Student_2572,21,80
2573,Student_2573,24,84
2574,Student_2574,22,59
2575,Student_2575,19,63
2576,Student_2576,20,99
2577,Student_2577,22,98
2578,Student_2578,21,77
2579,Student_2579,20,74
2580,Student_2580,18,55
2581,Student_2581,22,71
2582,Student_2582,19,67
2583,Student_2583,18,55
2584,Student_2584,18,55
2585,Student_2585,25,84
2586,Student_2586,22,55
2587,Student_2587,24,71
2588,Student_2588,24,94
2589,Student_2589,19,67
2590,Student_2590,18,94
2591,Student_2591,19,71
2592,Student_2592,18,73
2593,Student_2593,19,79
2594,Student_2594,21,77
2595,Student_2595,20,86
2596,Student_2596,21,77
2597,Student_2597,24,51
2598,Student_2598,20,92
2599,Student_2599,25,66
2600,Student_2600,19,76
2601,Student_2601,24,100
2602,Student_2602,20,82
2603,Student_2603,19,86
2604,Student_2604,18,55
2605,Student_2605,19,96
2606,Student_2606,24,99
2607,Student_2607,19,68
2608,Student_2608,20,57
2609,Student_2609,20,80
2610,Student_2610,22,89
2611,Student_2611,24,67
2612,Student_2612,18,60
2613,Student_2613,19,74
2614,Student_2614,22,77
2615,Student_2615,22,70
2616,Student_2616,25,79
2617,Student_2617,23,65
2618,Student_2618,25,94
2619,Student_2619,19,57
2620,Student_2620,20,91
2621,Student_2621,18,95
2622,Student_2622,18,94
2623,Student_2623,21,84
2624,Student_2624,24,67
2625,Student_2625,24,83
2626,Student_2626,24,74
2627,Student_2627,21,53
2628,Student_2628,18,84
2629,Student_2629,20,97
2630,Student_2630,22,72
2631,Student_2631,25,61
2632,Student_2632,18,71
2633,Student_2633,18,67
2634,Student_2634,24,98
2635,Student_2635,20,91
2636,Student_2636,20,82
2637,Student_2637,21,99
2638,Student_2638,19,94
2639,Student_2639,19,61
2640,Student_2640,25,55
2641,Student_2641,18,59
2642,Student_2642,22,51
2643,Student_2643,22,68
2644,Student_2644,20,62
2645,Student_2645,20,51
2646,Student_2646,23,89
2647,Student_2647,23,54
2648,Student_2648,22,52
2649,Student_2649,20,52
2650,Student_2650,24,73
2651,Student_2651,21,64
2652,Student_2652,23,55
2653,Student_2653,19,70
2654,Student_2654,20,76
2655,Student_2655,23,68
2656,Student_2656,18,55
2657,Student_2657,23,57
2658,Student_2658,25,94
2659,Student_2659,18,89
2660,Student_2660,22,95
2661,Student_2661,20,76
2662,Student_2662,22,76
2663,Student_2663,19,97
2664,Student_2664,18,86
2665,Student_2665,18,81
2666,Student_2666,24,53
2667,Student_2667,19,60
2668,Student_2668,20,79
2669,Student_2669,20,83
2670,Student_2670,19,51
2671,Student_2671,24,64
2672,Student_2672,23,91
2673,Student_2673,22,55
2674,Student_2674,21,73
2675,Student_2675,21,98
2676,Student_2676,20,81
2677,Student_2677,21,50
2678,Student_2678,23,100
2679,Student_2679,19,69
2680,Student_2680,23,83
2681,Student_2681,19,100
2682,Student_2682,19,55
2683,Student_2683,22,89
2684,Student_2684,22,92
2685,Student_2685,25,91
2686,Student_2686,18,100
2687,Student_2687,18,83
2688,Student_2688,20,51
2689,Student_2689,22,92
2690,Student_2690,24,95
2691,Student_2691,22,79
2692,Student_2692,22,84
2693,Student_2693,18,74
2694,Student_2694,19,89
2695,Student_2695,18,68
2696,Student_2696,20,55
2697,Student_2697,24,70
2698,Student_2698,21,77
2699,Student_2699,25,74
2700,Student_2700,24,86
2701,Student_2701,23,92
2702,Student_2702,19,51
2703,Student_2703,18,98
2704,Student_2704,19,84
2705,Student_2705,20,69
2706,Student_2706,20,89
2707,Student_2707,22,69
2708,Student_2708,19,94
2709,Student_2709,24,75
2710,Student_2710,20,89
2711,Student_2711,20,95
2712,Student_2712,19,68
2713,Student_2713,24,68
2714,Student_2714,25,89
2715,Student_2715,20,89
2716,Student_2716,25,61
2717,Student_2717,22,65
2718,Student_2718,20,99
2719,Student_2719,19,74
2720,Student_2720,22,65
2721,Student_2721,21,97
2722,Student_2722,18,83
2723,Student_2723,19,64
2724,Student_2724,19,96
2725,Student_2725,19,66
2726,Student_2726,22,62
2727,Student_2727,21,65
2728,Student_2728,22,68
2729,Student_2729,20,87
2730,Student_2730,20,58
2731,Student_2731,23,95
2732,Student_2732,23,62
2733,Student_2733,25,56
2734,Student_2734,20,80
2735,Student_2735,24,69
2736,Student_2736,20,60
2737,Student_2737,22,59
2738,Student_2738,25,86
2739,Student_2739,22,68
2740,Student_2740,21,67
2741,Student_2741,20,66
2742,Student_2742,18,59
2743,Student_2743,21,67
2744,Student_2744,24,76
2745,Student_2745,22,86
2746,Student_2746,19,59
2747,Student_2747,21,51
2748,Student_2748,19,55
2749,Student_2749,21,89
2750,Student_2750,20,73
2751,Student_2751,19,95
2752,Student_2752,25,83
2753,Student_2753,25,57
2754,Student_2754,22,93
2755,Student_2755,22,76
2756,Student_2756,22,55
2757,Student_2757,21,63
2758,Student_2758,18,85
2759,Student_2759,18,85
2760,Student_2760,18,61
2761,Student_2761,24,92
2762,Student_2762,20,67
2763,Student_2763,24,52
2764,Student_2764,20,92
2765,Student_2765,21,95
2766,Student_2766,25,93
2767,Student_2767,22,98
2768,Student_2768,22,73
2769,Student_2769,19,53
2770,Student_2770,21,88
2771,Student_2771,24,68
2772,Student_2772,25,56
2773,Student_2773,25,84
2774,Student_2774,20,59
2775,Student_2775,22,88
2776,Student_2776,18,58
2777,Student_2777,25,57
2778,Student_2778,23,67
2779,Student_2779,23,53
2780,Student_2780,24,100
2781,Student_2781,24,52
2782,Student_2782,25,98
2783,Student_2783,21,72
2784,Student_2784,21,63
2785,Student_2785,22,78
2786,Student_2786,20,66
2787,Student_2787,25,72
2788,Student_2788,24,90
2789,Student_2789,18,87
2790,Student_2790,22,62
2791,Student_2791,18,76
2792,Student_2792,19,80
2793,Student_2793,24,91
2794,Student_2794,18,86
2795,Student_2795,23,55
2796,Student_2796,25,60
2797,Student_2797,23,81
2798,Student_2798,25,78
2799,Student_2799,20,69
2800,Student_2800,24,61
2801,Student_2801,21,61
2802,Student_2802,24,81
2803,Student_2803,19,82
2804,Student_2804,25,58
2805,Student_2805,24,60
2806,Student_2806,21,86
2807,Student_2807,22,59
2808,Student_2808,22,61
2809,Student_2809,22,92
2810,Student_2810,23,74
2811,Student_2811,25,71
2812,Student_2812,20,54
2813,Student_2813,21,79
2814,Student_2814,18,61
2815,Student_2815,18,67
2816,Student_2816,22,91
2817,Student_2817,18,56
2818,Student_2818,21,82
2819,Student_2819,23,100
2820,Student_2820,19,67
2821,Student_2821,18,57
2822,Student_2822,20,100
2823,Student_2823,25,79
2824,Student_2824,19,89
2825,Student_2825,24,71
2826,Student_2826,22,67
2827,Student_2827,22,93
2828,Student_2828,25,75
2829,Student_2829,25,56
2830,Student_2830,20,55
2831,Student_2831,19,86
2832,Student_2832,22,52
2833,Student_2833,22,72
2834,Student_2834,20,58
2835,Student_2835,22,72
2836,Student_2836,19,72
2837,Student_2837,22,95
2838,Student_2838,23,50
2839,Student_2839,24,69
2840,Student_2840,25,54
2841,Student_2841,24,53
2842,Student_2842,20,53
2843,Student_2843,22,54
2844,Student_2844,20,98
2845,Student_2845,18,51
2846,Student_2846,24,99
2847,Student_2847,19,88
2848,Student_2848,18,83
2849,Student_2849,23,89
2850,Student_2850,18,89
2851,Student_2851,20,99
2852,Student_2852,25,65
2853,Student_2853,20,58
2854,Student_2854,25,96
2855,Student_2855,22,57
2856,Student_2856,25,100
2857,Student_2857,18,84
2858,Student_2858,18,85
2859,Student_2859,19,96
2860,Student_2860,20,67
2861,Student_2861,24,64
2862,Student_2862,22,66
2863,Student_2863,25,72
2864,Student_2864,19,81
2865,Student_2865,22,56
2866,Student_2866,24,80
2867,Student_2867,24,83
2868,Student_2868,25,69
2869,Student_2869,22,80
2870,Student_2870,21,52
2871,Student_2871,24,82
2872,Student_2872,25,60
2873,Student_2873,20,77
2874,Student_2874,19,65
2875,Student_2875,24,94
2876,Student_2876,22,52
2877,Student_2877,24,95
2878,Student_2878,18,75
2879,Student_2879,19,60
2880,Student_2880,24,77
2881,Student_2881,24,93
2882,Student_2882,23,77
2883,Student_2883,23,89
2884,Student_2884,19,80
2885,Student_2885,22,99
2886,Student_2886,23,59
2887,Student_2887,23,100
2888,Student_2888,22,80
2889,Student_2889,18,57
2890,Student_2890,25,98
2891,Student_2891,25,85
2892,Student_2892,23,66
2893,Student_2893,18,89
2894,Student_2894,23,58
2895,Student_2895,23,82
2896,Student_2896,20,56
2897,Student_2897,20,59
2898,Student_2898,23,57
2899,Student_2899,24,83
2900,Student_2900,20,99
2901,Student_2901,20,66
2902,Student_2902,20,97
2903,Student_2903,19,55
2904,Student_2904,18,59
2905,Student_2905,23,75
2906,Student_2906,21,64
2907,Student_2907,22,89
2908,Student_2908,20,82
2909,Student_2909,18,72
2910,Student_2910,20,69
2911,Student_2911,25,59
2912,Student_2912,20,82
2913,Student_2913,24,91
2914,Student_2914,24,64
2915,Student_2915,21,93
2916,Student_2916,23,64
2917,Student_2917,19,90
2918,Student_2918,23,53
2919,Student_2919,25,71
2920,Student_2920,20,76
2921,Student_2921,18,99
2922,Student_2922,23,100
2923,Student_2923,20,77
2924,Student_2924,21,61
2925,Student_2925,23,94
2926,Student_2926,25,55
2927,Student_2927,19,55
2928,Student_2928,25,74
2929,Student_2929,20,77
2930,Student_2930,21,79
2931,Student_2931,25,98
2932,Student_2932,20,97
2933,Student_2933,20,67
2934,Student_2934,22,79
2935,Student_2935,22,58
2936,Student_2936,24,77
2937,Student_2937,23,85
2938,Student_2938,25,56
2939,Student_2939,18,80
2940,Student_2940,18,66
2941,Student_2941,20,77
2942,Student_2942,22,86
2943,Student_2943,22,58
2944,Student_2944,23,99
2945,Student_2945,19,95
2946,Student_2946,20,81
2947,Student_2947,24,73
2948,Student_2948,22,64
2949,Student_2949,18,83
2950,Student_2950,24,57
2951,Student_2951,20,51
2952,Student_2952,24,84
2953,Student_2953,18,61
2954,Student_2954,18,53
2955,Student_2955,19,97
2956,Student_2956,18,60
2957,Student_2957,23,75
2958,Student_2958,24,78
2959,Student_2959,18,80
2960,Student_2960,23,86
2961,Student_2961,25,78
2962,Student_2962,20,75
2963,Student_2963,23,100
2964,Student_2964,19,63
2965,Student_2965,25,50
2966,Student_2966,20,85
2967,Student_2967,20,85
2968,Student_2968,24,97
2969,Student_2969,19,60
2970,Student_2970,24,75
2971,Student_2971,19,100
2972,Student_2972,24,50
2973,Student_2973,22,66
2974,Student_2974,22,57
2975,Student_2975,19,88
2976,Student_2976,22,95
2977,Student_2977,23,76
2978,Student_2978,21,88
2979,Student_2979,25,74
2980,Student_2980,18,50
2981,Student_2981,24,83
2982,Student_2982,19,90
2983,Student_2983,19,72
2984,Student_2984,23,61
2985,Student_2985,19,51
2986,Student_2986,24,60
2987,Student_2987,21,52
2988,Student_2988,19,78
2989,Student_2989,18,81
2990,Student_2990,23,100
2991,Student_2991,21,84
2992,Student_2992,24,66
2993,Student_2993,19,70
2994,Student_2994,22,91
2995,Student_2995,20,62
2996,Student_2996,21,84
2997,Student_2997,23,67
2998,Student_2998,18,61
2999,Student_2999,22,58
3000,Student_3000,21,99
3001,Student_3001,20,90
3002,Student_3002,23,62
3003,Student_3003,25,77
3004,Student_3004,19,77
3005,Student_3005,23,88
3006,Student_3006,19,80
3007,Student_3007,25,56
3008,Student_3008,19,71
3009,Student_3009,24,85
3010,Student_3010,25,55
3011,Student_3011,25,88
3012,Student_3012,22,58
3013,Student_3013,19,82
3014,Student_3014,22,57
3015,Student_3015,19,71
3016,Student_3016,18,55
3017,Student_3017,20,100
3018,Student_3018,20,70
3019,Student_3019,24,89
3020,Student_3020,23,59
3021,Student_3021,19,93
3022,Student_3022,21,78
3023,Student_3023,25,97
3024,Student_3024,25,52
3025,Student_3025,23,81
3026,Student_3026,24,62
3027,Student_3027,21,74
3028,Student_3028,25,60
3029,Student_3029,20,54
3030,Student_3030,22,59
3031,Student_3031,21,85
3032,Student_3032,21,67
3033,Student_3033,25,56
3034,Student_3034,23,59
3035,Student_3035,21,95
3036,Student_3036,23,93
3037,Student_3037,21,51
3038,Student_3038,19,96
3039,Student_3039,19,86
3040,Student_3040,23,54
3041,Student_3041,25,80
3042,Student_3042,22,83
3043,Student_3043,21,81
3044,Student_3044,24,78
3045,Student_3045,21,59
3046,Student_3046,19,63
3047,Student_3047,23,77
3048,Student_3048,23,95
3049,Student_3049,19,54
3050,Student_3050,21,65
3051,Student_3051,23,61
3052,Student_3052,21,79
3053,Student_3053,21,96
3054,Student_3054,23,89
3055,Student_3055,18,56
3056,Student_3056,21,88
3057,Student_3057,22,74
3058,Student_3058,18,64
3059,Student_3059,24,81
3060,Student_3060,20,60
3061,Student_3061,21,75
3062,Student_3062,23,87
3063,Student_3063,20,51
3064,Student_3064,18,82
3065,Student_3065,22,51
3066,Student_3066,23,78
3067,Student_3067,25,61
3068,Student_3068,22,61
3069,Student_3069,23,84
3070,Student_3070,19,72
3071,Student_3071,18,81
3072,Student_3072,24,89
3073,Student_3073,18,79
3074,Student_3074,21,87
3075,Student_3075,25,84
3076,Student_3076,23,51
3077,Student_3077,24,50
3078,Student_3078,21,63
3079,Student_3079,20,81
3080,Student_3080,20,58
3081,Student_3081,19,69
3082,Student_3082,19,56
3083,Student_3083,25,72
3084,Student_3084,22,64
3085,Student_3085,22,90
3086,Student_3086,21,72
3087,Student_3087,19,88
3088,Student_3088,18,95
3089,Student_3089,21,79
3090,Student_3090,18,99
3091,Student_3091,24,60
3092,Student_3092,19,94
3093,Student_3093,23,57
3094,Student_3094,20,93
3095,Student_3095,19,69
3096,Student_3096,23,80
3097,Student_3097,20,61
3098,Student_3098,25,93
3099,Student_3099,22,55
3100,Student_3100,20,88
3101,Student_3101,21,88
3102,Student_3102,21,58
3103,Student_3103,21,61
3104,Student_3104,21,89
3105,Student_3105,24,64
3106,Student_3106,21,99
3107,Student_3107,23,98
3108,Student_3108,21,82
3109,Student_3109,24,89
3110,Student_3110,19,78
3111,Student_3111,20,61
3112,Student_3112,23,91
3113,Student_3113,21,97
3114,Student_3114,24,60
3115,Student_3115,23,65
3116,Student_3116,20,75
3117,Student_3117,24,81
3118,Student_3118,21,73
3119,Student_3119,24,83
3120,Student_3120,22,88
3121,Student_3121,22,88
3122,Student_3122,24,95
3123,Student_3123,19,69
3124,Student_3124,21,70
3125,Student_3125,25,54
3126,Student_3126,24,70
3127,Student_3127,22,61
3128,Student_3128,18,79
3129,Student_3129,21,69
3130,Student_3130,20,76
3131,Student_3131,18,54
3132,Student_3132,22,80
3133,Student_3133,19,79
3134,Student_3134,25,98
3135,Student_3135,21,55
3136,Student_3136,19,67
3137,Student_3137,20,50
3138,Student_3138,23,70
3139,Student_3139,23,91
3140,Student_3140,19,67
3141,Student_3141,23,60
3142,Student_3142,25,90
3143,Student_3143,21,65
3144,Student_3144,21,76
3145,Student_3145,23,83
3146,Student_3146,22,76
3147,Student_3147,20,86
3148,Student_3148,24,66
3149,Student_3149,20,74
3150,Student_3150,22,59
3151,Student_3151,18,94
3152,Student_3152,19,77
3153,Student_3153,25,95
3154,Student_3154,24,50
3155,Student_3155,24,61
3156,Student_3156,24,79
3157,Student_3157,21,92
3158,Student_3158,25,97
3159,Student_3159,19,92
3160,Student_3160,21,56
3161,Student_3161,19,90
3162,Student_3162,18,95
3163,Student_3163,22,87
3164,Student_3164,24,78
3165,Student_3165,21,82
3166,Student_3166,18,80
3167,Student_3167,22,80
3168,Student_3168,18,50
3169,Student_3169,20,63
3170,Student_3170,20,91
3171,Student_3171,25,63
3172,Student_3172,21,52
3173,Student_3173,20,75
3174,Student_3174,23,69
3175,Student_3175,23,77
3176,Student_3176,19,84
3177,Student_3177,21,68
3178,Student_3178,20,77
3179,Student_3179,22,77
3180,Student_3180,22,98
3181,Student_3181,25,85
3182,Student_3182,23,74
3183,Student_3183,18,96
3184,Student_3184,22,99
3185,Student_3185,21,84
3186,Student_3186,24,73
3187,Student_3187,18,96
3188,Student_3188,24,67
3189,Student_3189,18,53
3190,Student_3190,25,100
3191,Student_3191,19,64
3192,Student_3192,18,98
3193,Student_3193,19,68
3194,Student_3194,18,100
3195,Student_3195,23,89
3196,Student_3196,22,84
3197,Student_3197,22,81
3198,Student_3198,24,89
3199,Student_3199,25,93
3200,Student_3200,19,79
3201,Student_3201,22,64
3202,Student_3202,20,76
3203,Student_3203,25,94
3204,Student_3204,22,50
3205,Student_3205,21,54
3206,Student_3206,19,73
3207,Student_3207,20,100
3208,Student_3208,22,91
3209,Student_3209,19,96
3210,Student_3210,18,96
3211,Student_3211,21,74
3212,Student_3212,18,69
3213,Student_3213,25,95
3214,Student_3214,23,100
3215,Student_3215,22,84
3216,Student_3216,19,57
3217,Student_3217,22,52
3218,Student_3218,23,71
3219,Student_3219,20,60
3220,Student_3220,21,64
3221,Student_3221,19,100
3222,Student_3222,25,86
3223,Student_3223,20,66
3224,Student_3224,21,88
3225,Student_3225,19,65
3226,Student_3226,19,55
3227,Student_3227,25,70
3228,Student_3228,20,97
3229,Student_3229,19,79
3230,Student_3230,25,89
3231,Student_3231,19,56
3232,Student_3232,23,69
3233,Student_3233,18,53
3234,Student_3234,18,64
3235,Student_3235,19,100
3236,Student_3236,24,95
3237,Student_3237,25,67
3238,Student_3238,20,85
3239,Student_3239,21,80
3240,Student_3240,18,65
3241,Student_3241,23,57
3242,Student_3242,18,67
3243,Student_3243,22,94
3244,Student_3244,23,64
3245,Student_3245,22,95
3246,Student_3246,23,66
3247,Student_3247,22,67
3248,Student_3248,18,61
3249,Student_3249,25,65
3250,Student_3250,23,93
3251,Student_3251,23,87
3252,Student_3252,19,99
3253,Student_3253,19,58
3254,Student_3254,24,88
3255,Student_3255,24,75
3256,Student_3256,23,93
3257,Student_3257,22,99
3258,Student_3258,24,60
3259,Student_3259,22,99
3260,Student_3260,25,85
3261,Student_3261,22,53
3262,Student_3262,21,85
3263,Student_3263,24,75
3264,Student_3264,19,50
3265,Student_3265,23,68
3266,Student_3266,20,68
3267,Student_3267,23,91
3268,Student_3268,20,64
3269,Student_3269,19,59
3270,Student_3270,23,97
3271,Student_3271,25,72
3272,Student_3272,20,84
3273,Student_3273,25,96
3274,Student_3274,22,78
3275,Student_3275,21,64
3276,Student_3276,22,93
3277,Student_3277,22,79
3278,Student_3278,19,90
3279,Student_3279,18,65
3280,Student_3280,20,60
3281,Student_3281,20,92
3282,Student_3282,20,87
3283,Student_3283,21,99
3284,Student_3284,18,61
3285,Student_3285,20,91
3286,Student_3286,21,87
3287,Student_3287,20,70
3288,Student_3288,18,75
3289,Student_3289,18,53
3290,Student_3290,18,90
3291,Student_3291,21,86
3292,Student_3292,18,65
3293,Student_3293,19,64
3294,Student_3294,23,84
3295,Student_3295,23,84
3296,Student_3296,21,58
3297,Student_3297,19,69
3298,Student_3298,23,56
3299,Student_3299,24,55
3300,Student_3300,18,77
3301,Student_3301,24,54
3302,Student_3302,25,85
3303,Student_3303,18,97
3304,Student_3304,24,64
3305,Student_3305,21,65
3306,Student_3306,23,72
3307,Student_3307,24,52
3308,Student_3308,22,66
3309,Student_3309,19,89
3310,Student_3310,21,70
3311,Student_3311,18,67
3312,Student_3312,24,51
3313,Student_3313,25,55
3314,Student_3314,24,79
3315,Student_3315,22,95
3316,Student_3316,21,92
3317,Student_3317,19,75
3318,Student_3318,20,81
3319,Student_3319,23,51
3320,Student_3320,19,96
3321,Student_3321,21,66
3322,Student_3322,22,81
3323,Student_3323,20,88
3324,Student_3324,19,58
3325,Student_3325,18,59
3326,Student_3326,25,56
3327,Student_3327,21,61
3328,Student_3328,22,59
3329,Student_3329,20,64
3330,Student_3330,20,62
3331,Student_3331,25,67
3332,Student_3332,23,56
3333,Student_3333,20,50
3334,Student_3334,19,79
3335,Student_3335,25,91
3336,Student_3336,24,56
3337,Student_3337,19,84
3338,Student_3338,21,65
3339,Student_3339,24,92
3340,Student_3340,19,61
3341,Student_3341,22,51
3342,Student_3342,19,59
3343,Student_3343,24,75
3344,Student_3344,19,94
3345,Student_3345,24,52
3346,Student_3346,23,97
3347,Student_3347,20,51
3348,Student_3348,19,52
3349,Student_3349,23,74
3350,Student_3350,21,60
3351,Student_3351,20,80
3352,Student_3352,19,56
3353,Student_3353,25,78
3354,Student_3354,18,64
3355,Student_3355,19,54
3356,Student_3356,20,53
3357,Student_3357,18,95
3358,Student_3358,20,58
3359,Student_3359,19,67
3360,Student_3360,22,54
3361,Student_3361,23,53
3362,Student_3362,22,72
3363,Student_3363,21,50
3364,Student_3364,18,70
3365,Student_3365,20,73
3366,Student_3366,24,66
3367,Student_3367,23,72
3368,Student_3368,24,95
3369,Student_3369,25,88
3370,Student_3370,21,62
3371,Student_3371,23,92
3372,Student_3372,18,97
3373,Student_3373,20,95
3374,Student_3374,20,82
3375,Student_3375,18,82
3376,Student_3376,19,77
3377,Student_3377,18,94
3378,Student_3378,21,99
3379,Student_3379,23,69
3380,Student_3380,20,80
3381,Student_3381,25,90
3382,Student_3382,21,75
3383,Student_3383,25,100
3384,Student_3384,19,76
3385,Student_3385,23,60
3386,Student_3386,21,53
3387,Student_3387,22,99
3388,Student_3388,18,96
3389,Student_3389,19,72
3390,Student_3390,18,89
3391,Student_3391,21,65
3392,Student_3392,20,58
3393,Student_3393,22,78
3394,Student_3394,25,92
3395,Student_3395,25,96
3396,Student_3396,23,93
3397,Student_3397,23,83
3398,Student_3398,25,54
3399,Student_3399,22,79
3400,Student_3400,22,62
3401,Student_3401,19,75
3402,Student_3402,22,69
3403,Student_3403,20,53
3404,Student_3404,18,89
3405,Student_3405,24,84
3406,Student_3406,18,87
3407,Student_3407,21,90
3408,Student_3408,24,94
3409,Student_3409,20,85
3410,Student_3410,21,72
3411,Student_3411,24,68
3412,Student_3412,24,90
3413,Student_3413,25,87
3414,Student_3414,20,91
3415,Student_3415,24,68
3416,Student_3416,18,50
3417,Student_3417,25,67
3418,Student_3418,22,100
3419,Student_3419,20,96
3420,Student_3420,24,58
3421,Student_3421,20,85
3422,Student_3422,22,87
3423,Student_3423,23,83
3424,Student_3424,25,100
3425,Student_3425,20,80
3426,Student_3426,25,71
3427,Student_3427,24,77
3428,Student_3428,25,71
3429,Student_3429,22,84
3430,Student_3430,21,52
3431,Student_3431,22,63
3432,Student_3432,19,61
3433,Student_3433,19,75
3434,Student_3434,25,78
3435,Student_3435,25,61
3436,Student_3436,18,60
3437,Student_3437,19,53
3438,Student_3438,25,77
3439,Student_3439,18,81
3440,Student_3440,22,52
3441,Student_3441,24,93
3442,Student_3442,18,80
3443,Student_3443,21,91
3444,Student_3444,20,81
3445,Student_3445,23,68
3446,Student_3446,25,84
3447,Student_3447,24,79
3448,Student_3448,18,61
3449,Student_3449,21,62
3450,Student_3450,20,50
3451,Student_3451,19,81
3452,Student_3452,23,64
3453,Student_3453,20,67
3454,Student_3454,20,89
3455,Student_3455,22,64
3456,Student_3456,24,59
3457,Student_3457,21,74
3458,Student_3458,23,99
3459,Student_3459,25,94
3460,Student_3460,21,80
3461,Student_3461,19,66
3462,Student_3462,18,75
3463,Student_3463,19,85
3464,Student_3464,22,81
3465,Student_3465,21,71
3466,Student_3466,23,73
3467,Student_3467,25,69
3468,Student_3468,24,69
3469,Student_3469,24,70
3470,Student_3470,24,50
3471,Student_3471,21,68
3472,Student_3472,19,92
3473,Student_3473,25,78
3474,Student_3474,19,64
3475,Student_3475,25,77
3476,Student_3476,18,51
3477,Student_3477,22,56
3478,Student_3478,23,52
3479,Student_3479,25,98
3480,Student_3480,25,63
3481,Student_3481,22,86
3482,Student_3482,23,71
3483,Student_3483,24,54
3484,Student_3484,23,75
3485,Student_3485,21,71
3486,Student_3486,20,87
3487,Student_3487,18,78
3488,Student_3488,19,90
3489,Student_3489,25,53
3490,Student_3490,20,92
3491,Student_3491,24,64
3492,Student_3492,21,94
3493,Student_3493,20,78
3494,Student_3494,19,68
3495,Student_3495,25,61
3496,Student_3496,22,76
3497,Student_3497,24,50
3498,Student_3498,20,68
3499,Student_3499,24,70
3500,Student_3500,19,98
3501,Student_3501,24,100
3502,Student_3502,22,60
3503,Student_3503,22,63
3504,Student_3504,19,68
3505,Student_3505,22,60
3506,Student_3506,18,91
3507,Student_3507,24,64
3508,Student_3508,20,93
3509,Student_3509,19,54
3510,Student_3510,19,55
3511,Student_3511,24,67
3512,Student_3512,25,61
3513,Student_3513,22,69
3514,Student_3514,21,52
3515,Student_3515,18,75
3516,Student_3516,21,57
3517,Student_3517,25,71
3518,Student_3518,19,58
3519,Student_3519,24,69
3520,Student_3520,21,64
3521,Student_3521,19,71
3522,Student_3522,18,80
3523,Student_3523,22,64
3524,Student_3524,23,52
3525,Student_3525,19,92
3526,Student_3526,24,57
3527,Student_3527,19,90
3528,Student_3528,19,55
3529,Student_3529,23,62
3530,Student_3530,25,67
3531,Student_3531,23,85
3532,Student_3532,20,81
3533,Student_3533,21,68
3534,Student_3534,24,71
3535,Student_3535,19,61
3536,Student_3536,20,80
3537,Student_3537,18,71
3538,Student_3538,25,65
3539,Student_3539,22,68
3540,Student_3540,25,85
3541,Student_3541,18,60
3542,Student_3542,25,86
3543,Student_3543,19,69
3544,Student_3544,20,92
3545,Student_3545,18,92
3546,Student_3546,23,99
3547,Student_3547,20,69
3548,Student_3548,20,80
3549,Student_3549,25,77
3550,Student_3550,24,62
3551,Student_3551,21,98
3552,Student_3552,22,62
3553,Student_3553,20,94
3554,Student_3554,18,76
3555,Student_3555,21,88
3556,Student_3556,24,92
3557,Student_3557,20,74
3558,Student_3558,24,91
3559,Student_3559,23,56
3560,Student_3560,19,74
3561,Student_3561,21,78
3562,Student_3562,24,58
3563,Student_3563,21,51
3564,Student_3564,24,86
3565,Student_3565,22,74
3566,Student_3566,18,74
3567,Student_3567,20,66
3568,Student_3568,18,75
3569,Student_3569,22,78
3570,Student_3570,20,98
3571,Student_3571,24,93
3572,Student_3572,25,66
3573,Student_3573,18,52
3574,Student_3574,18,78
3575,Student_3575,18,97
3576,Student_3576,20,81
3577,Student_3577,19,79
3578,Student_3578,25,72
3579,Student_3579,20,61
3580,Student_3580,20,97
3581,Student_3581,24,59
3582,Student_3582,20,74
3583,Student_3583,19,74
3584,Student_3584,19,60
3585,Student_3585,22,100
3586,Student_3586,21,66
3587,Student_3587,19,52
3588,Student_3588,25,94
3589,Student_3589,23,81
3590,Student_3590,20,53
3591,Student_3591,23,93
3592,Student_3592,19,90
3593,Student_3593,20,80
3594,Student_3594,24,59
3595,Student_3595,24,92
3596,Student_3596,19,99
3597,Student_3597,19,56
3598,Student_3598,18,75
3599,Student_3599,21,58
3600,Student_3600,25,59
3601,Student_3601,19,90
3602,Student_3602,22,92
3603,Student_3603,18,74
3604,Student_3604,19,75
3605,Student_3605,25,73
3606,Student_3606,21,72
3607,Student_3607,20,68
3608,Student_3608,21,68
3609,Student_3609,19,89
3610,Student_3610,21,67
3611,Student_3611,23,53
3612,Student_3612,18,71
3613,Student_3613,22,100
3614,Student_3614,25,80
3615,Student_3615,19,82
3616,Student_3616,24,67
3617,Student_3617,25,84
3618,Student_3618,18,52
3619,Student_3619,23,54
3620,Student_3620,18,99
3621,Student_3621,21,83
3622,Student_3622,18,73
3623,Student_3623,19,91
3624,Student_3624,19,96
3625,Student_3625,19,73
3626,Student_3626,20,51
3627,Student_3627,19,72
3628,Student_3628,18,51
3629,Student_3629,25,85
3630,Student_3630,25,98
3631,Student_3631,18,83
3632,Student_3632,24,81
3633,Student_3633,19,61
3634,Student_3634,18,60
3635,Student_3635,20,67
3636,Student_3636,19,96
3637,Student_3637,19,62
3638,Student_3638,21,67
3639,Student_3639,24,61
3640,Student_3640,20,98
3641,Student_3641,18,76
3642,Student_3642,24,78
3643,Student_3643,24,98
3644,Student_3644,18,87
3645,Student_3645,21,73
3646,Student_3646,25,99
3647,Student_3647,19,62
3648,Student_3648,21,92
3649,Student_3649,22,76
3650,Student_3650,23,76
3651,Student_3651,18,84
3652,Student_3652,18,59
3653,Student_3653,18,58
3654,Student_3654,24,91
3655,Student_3655,18,76
3656,Student_3656,22,62
3657,Student_3657,20,91
3658,Student_3658,18,80
3659,Student_3659,24,59
3660,Student_3660,22,72
3661,Student_3661,20,78
3662,Student_3662,20,94
3663,Student_3663,22,99
3664,Student_3664,25,54
3665,Student_3665,24,60
3666,Student_3666,25,74
3667,Student_3667,23,72
3668,Student_3668,21,67
3669,Student_3669,24,89
3670,Student_3670,18,98
3671,Student_3671,23,84
3672,Student_3672,25,69
3673,Student_3673,19,80
3674,Student_3674,23,62
3675,Student_3675,23,87
3676,Student_3676,20,53
3677,Student_3677,21,95
3678,Student_3678,19,93
3679,Student_3679,19,86
3680,Student_3680,19,98
3681,Student_3681,18,60
3682,Student_3682,24,65
3683,Student_3683,18,95
3684,Student_3684,23,75
3685,Student_3685,21,92
3686,Student_3686,22,54
3687,Student_3687,24,79
3688,Student_3688,25,67
3689,Student_3689,23,74
3690,Student_3690,25,52
3691,Student_3691,21,61
3692,Student_3692,25,82
3693,Student_3693,21,51
3694,Student_3694,19,69
3695,Student_3695,18,84
3696,Student_3696,18,51
3697,Student_3697,24,95
3698,Student_3698,21,72
3699,Student_3699,22,63
3700,Student_3700,18,55
3701,Student_3701,20,74
3702,Student_3702,24,99
3703,Student_3703,22,65
3704,Student_3704,18,51
3705,Student_3705,24,97
3706,Student_3706,25,88
3707,Student_3707,25,70
3708,Student_3708,22,75
3709,Student_3709,24,52
3710,Student_3710,18,87
3711,Student_3711,19,54
3712,Student_3712,23,57
3713,Student_3713,24,73
3714,Student_3714,19,79
3715,Student_3715,18,90
3716,Student_3716,22,64
3717,Student_3717,22,68
3718,Student_3718,24,94
3719,Student_3719,25,65
3720,Student_3720,21,78
3721,Student_3721,21,61
3722,Student_3722,21,58
3723,Student_3723,21,59
3724,Student_3724,22,81
3725,Student_3725,19,70
3726,Student_3726,22,89
3727,Student_3727,18,100
3728,Student_3728,20,63
3729,Student_3729,21,100
3730,Student_3730,23,86
3731,Student_3731,19,64
3732,Student_3732,19,79
3733,Student_3733,23,84
3734,Student_3734,21,75
3735,Student_3735,23,88
3736,Student_3736,21,86
3737,Student_3737,19,78
3738,Student_3738,25,81
3739,Student_3739,25,53
3740,Student_3740,21,67
3741,Student_3741,22,59
3742,Student_3742,25,77
3743,Student_3743,18,78
3744,Student_3744,19,80
3745,Student_3745,18,54
3746,Student_3746,18,56
3747,Student_3747,22,87
3748,Student_3748,24,85
3749,Student_3749,23,95
3750,Student_3750,25,95
3751,Student_3751,25,87
3752,Student_3752,25,53
3753,Student_3753,22,60
3754,Student_3754,24,66
3755,Student_3755,21,88
3756,Student_3756,21,51
3757,Student_3757,19,73
3758,Student_3758,20,62
3759,Student_3759,21,69
3760,Student_3760,19,89
3761,Student_3761,24,53
3762,Student_3762,20,51
3763,Student_3763,21,86
3764,Student_3764,22,89
3765,Student_3765,19,98
3766,Student_3766,25,66
3767,Student_3767,21,86
3768,Student_3768,25,93
3769,Student_3769,24,91
3770,Student_3770,25,93
3771,Student_3771,18,99
3772,Student_3772,19,69
3773,Student_3773,24,71
3774,Student_3774,24,100
3775,Student_3775,21,87
3776,Student_3776,24,69
3777,Student_3777,19,59
3778,Student_3778,22,92
3779,Student_3779,22,53
3780,Student_3780,24,67
3781,Student_3781,18,61
3782,Student_3782,18,87
3783,Student_3783,19,87
3784,Student_3784,23,80
3785,Student_3785,19,58
3786,Student_3786,21,57
3787,Student_3787,18,92
3788,Student_3788,21,54
3789,Student_3789,22,69
3790,Student_3790,18,60
3791,Student_3791,21,76
3792,Student_3792,19,53
3793,Student_3793,20,73
3794,Student_3794,25,95
3795,Student_3795,19,80
3796,Student_3796,21,68
3797,Student_3797,21,78
3798,Student_3798,22,84
3799,Student_3799,22,98
3800,Student_3800,19,52
3801,Student_3801,23,100
3802,Student_3802,20,53
3803,Student_3803,19,51
3804,Student_3804,23,63
3805,Student_3805,23,91
3806,Student_3806,19,92
3807,Student_3807,19,71
3808,Student_3808,20,99
3809,Student_3809,23,94
3810,Student_3810,25,82
3811,Student_3811,24,87
3812,Student_3812,24,97
3813,Student_3813,21,92
3814,Student_3814,20,54
3815,Student_3815,19,76
3816,Student_3816,19,76
3817,Student_3817,23,95
3818,Student_3818,21,50
3819,Student_3819,24,67
3820,Student_3820,21,62
3821,Student_3821,20,80
3822,Student_3822,25,97
3823,Student_3823,19,66
3824,Student_3824,24,54
3825,Student_3825,22,70
3826,Student_3826,24,54
3827,Student_3827,22,72
3828,Student_3828,21,99
3829,Student_3829,21,79
3830,Student_3830,20,53
3831,Student_3831,18,73
3832,Student_3832,23,70
3833,Student_3833,22,62
3834,Student_3834,24,77
3835,Student_3835,22,88
3836,Student_3836,22,92
3837,Student_3837,22,51
3838,Student_3838,25,58
3839,Student_3839,18,92
3840,Student_3840,19,61
3841,Student_3841,20,70
3842,Student_3842,23,87
3843,Student_3843,25,68
3844,Student_3844,20,100
3845,Student_3845,21,92
3846,Student_3846,25,74
3847,Student_3847,19,83
3848,Student_3848,23,100
3849,Student_3849,19,97
3850,Student_3850,18,60
3851,Student_3851,23,99
3852,Student_3852,24,81
3853,Student_3853,20,72
3854,Student_3854,19,71
3855,Student_3855,20,69
3856,Student_3856,21,87
3857,Student_3857,21,62
3858,Student_3858,18,66
3859,Student_3859,21,98
3860,Student_3860,22,100
3861,Student_3861,24,97
3862,Student_3862,24,64
3863,Student_3863,23,95
3864,Student_3864,20,58
3865,Student_3865,19,62
3866,Student_3866,20,91
3867,Student_3867,18,100
3868,Student_3868,21,86
3869,Student_3869,25,86
3870,Student_3870,23,50
3871,Student_3871,19,66
3872,Student_3872,21,59
3873,Student_3873,25,52
3874,Student_3874,20,66
3875,Student_3875,18,55
3876,Student_3876,19,93
3877,Student_3877,21,99
3878,Student_3878,18,76
3879,Student_3879,22,60
3880,Student_3880,18,94
3881,Student_3881,25,83
3882,Student_3882,24,84
3883,Student_3883,18,63
3884,Student_3884,25,91
3885,Student_3885,22,78
3886,Student_3886,20,58
3887,Student_3887,23,93
3888,Student_3888,20,76
3889,Student_3889,20,89
3890,Student_3890,19,86
3891,Student_3891,19,77
3892,Student_3892,23,93
3893,Student_3893,23,79
3894,Student_3894,19,79
3895,Student_3895,20,80
3896,Student_3896,24,93
3897,Student_3897,19,75
3898,Student_3898,23,78
3899,Student_3899,19,55
3900,Student_3900,23,94
3901,Student_3901,24,79
3902,Student_3902,25,83
3903,Student_3903,22,86
3904,Student_3904,21,83
3905,Student_3905,23,58
3906,Student_3906,18,99
3907,Student_3907,18,56
3908,Student_3908,25,79
3909,Student_3909,22,50
3910,Student_3910,20,96
3911,Student_3911,18,100
3912,Student_3912,19,86
3913,Student_3913,19,64
3914,Student_3914,23,60
3915,Student_3915,18,78
3916,Student_3916,24,50
3917,Student_3917,24,51
3918,Student_3918,19,52
3919,Student_3919,19,78
3920,Student_3920,19,60
3921,Student_3921,21,73
3922,Student_3922,19,62
3923,Student_3923,20,62
3924,Student_3924,25,51
3925,Student_3925,21,74
3926,Student_3926,23,68
3927,Student_3927,20,74
3928,Student_3928,25,59
3929,Student_3929,24,57
3930,Student_3930,22,68
3931,Student_3931,25,76
3932,Student_3932,19,83
3933,Student_3933,23,88
3934,Student_3934,25,85
3935,Student_3935,22,51
3936,Student_3936,23,80
3937,Student_3937,20,100
3938,Student_3938,25,55
3939,Student_3939,24,93
3940,Student_3940,21,98
3941,Student_3941,23,95
3942,Student_3942,18,52
3943,Student_3943,25,100
3944,Student_3944,20,64
3945,Student_3945,19,55
3946,Student_3946,23,92
3947,Student_3947,20,85
3948,Student_3948,23,94
3949,Student_3949,18,72
3950,Student_3950,20,89
3951,Student_3951,22,96
3952,Student_3952,21,59
3953,Student_3953,20,89
3954,Student_3954,25,97
3955,Student_3955,21,58
3956,Student_3956,19,74
3957,Student_3957,19,61
3958,Student_3958,19,83
3959,Student_3959,20,83
3960,Student_3960,25,73
3961,Student_3961,18,100
3962,Student_3962,21,59
3963,Student_3963,22,61
3964,Student_3964,25,98
3965,Student_3965,18,75
3966,Student_3966,24,82
3967,Student_3967,20,71
3968,Student_3968,18,62
3969,Student_3969,21,81
3970,Student_3970,23,97
3971,Student_3971,20,87
3972,Student_3972,22,77
3973,Student_3973,20,81
3974,Student_3974,18,88
3975,Student_3975,22,82
3976,Student_3976,25,95
3977,Student_3977,22,61
3978,Student_3978,18,59
3979,Student_3979,25,92
3980,Student_3980,24,51
3981,Student_3981,20,90
3982,Student_3982,18,69
3983,Student_3983,25,91
3984,Student_3984,19,94
3985,Student_3985,20,66
3986,Student_3986,24,85
3987,Student_3987,23,68
3988,Student_3988,18,54
3989,Student_3989,20,65
3990,Student_3990,18,56
3991,Student_3991,22,64
3992,Student_3992,23,65
3993,Student_3993,25,83
3994,Student_3994,23,95
3995,Student_3995,20,55
3996,Student_3996,21,78
3997,Student_3997,18,82
3998,Student_3998,24,85
3999,Student_3999,25,60
4000,Student_4000,21,89
4001,Student_4001,23,65
4002,Student_4002,23,82
4003,Student_4003,23,96
4004,Student_4004,23,66
4005,Student_4005,19,99
4006,Student_4006,18,94
4007,Student_4007,22,57
4008,Student_4008,20,63
4009,Student_4009,22,71
4010,Student_4010,21,71
4011,Student_4011,23,99
4012,Student_4012,18,73
4013,Student_4013,19,99
4014,Student_4014,25,58
4015,Student_4015,25,74
4016,Student_4016,19,83
4017,Student_4017,23,61
4018,Student_4018,19,62
4019,Student_4019,23,81
4020,Student_4020,23,71
4021,Student_4021,19,55
4022,Student_4022,24,76
4023,Student_4023,22,50
4024,Student_4024,18,66
4025,Student_4025,20,73
4026,Student_4026,18,53
4027,Student_4027,23,66
4028,Student_4028,20,86
4029,Student_4029,22,76
4030,Student_4030,24,58
4031,Student_4031,18,87
4032,Student_4032,22,67
4033,Student_4033,18,53
4034,Student_4034,19,75
4035,Student_4035,21,50
4036,Student_4036,20,52
4037,Student_4037,20,97
4038,Student_4038,23,69
4039,Student_4039,24,88
4040,Student_4040,18,81
4041,Student_4041,18,84
4042,Student_4042,22,91
4043,Student_4043,21,87
4044,Student_4044,22,98
4045,Student_4045,22,97
4046,Student_4046,19,99
4047,Student_4047,22,56
4048,Student_4048,23,60
4049,Student_4049,19,59
4050,Student_4050,22,74
4051,Student_4051,21,69
4052,Student_4052,23,94
4053,Student_4053,19,53
4054,Student_4054,23,66
4055,Student_4055,22,53
4056,Student_4056,18,75
4057,Student_4057,22,61
4058,Student_4058,21,55
4059,Student_4059,20,53
4060,Student_4060,21,64
4061,Student_4061,19,77
4062,Student_4062,25,96
4063,Student_4063,19,81
4064,Student_4064,23,98
4065,Student_4065,19,57
4066,Student_4066,19,68
4067,Student_4067,18,74
4068,Student_4068,22,67
4069,Student_4069,21,74
4070,Student_4070,23,73
4071,Student_4071,19,85
4072,Student_4072,23,81
4073,Student_4073,22,66
4074,Student_4074,23,99
4075,Student_4075,18,89
4076,Student_4076,21,57
4077,Student_4077,20,68
4078,Student_4078,23,75
4079,Student_4079,18,65
4080,Student_4080,24,98
4081,Student_4081,20,98
4082,Student_4082,21,94
4083,Student_4083,20,92
4084,Student_4084,24,89
4085,Student_4085,18,96
4086,Student_4086,24,94
4087,Student_4087,21,78
4088,Student_4088,25,92
4089,Student_4089,19,55
4090,Student_4090,21,59
4091,Student_4091,19,85
4092,Student_4092,23,75
4093,Student_4093,24,79
4094,Student_4094,23,57
4095,Student_4095,25,61
4096,Student_4096,21,74
4097,Student_4097,24,58
4098,Student_4098,20,100
4099,Student_4099,19,100
4100,Student_4100,24,78
4101,Student_4101,25,80
4102,Student_4102,19,58
4103,Student_4103,22,96
4104,Student_4104,24,52
4105,Student_4105,21,64
4106,Student_4106,20,73
4107,Student_4107,24,68
4108,Student_4108,21,63
4109,Student_4109,21,96
4110,Student_4110,18,65
4111,Student_4111,24,69
4112,Student_4112,25,90
4113,Student_4113,21,91
4114,Student_4114,24,100
4115,Student_4115,19,89
4116,Student_4116,25,73
4117,Student_4117,20,96
4118,Student_4118,21,70
4119,Student_4119,19,56
4120,Student_4120,18,54
4121,Student_4121,25,76
4122,Student_4122,24,97
4123,Student_4123,21,99
4124,Student_4124,18,98
4125,Student_4125,20,86
4126,Student_4126,25,69
4127,Student_4127,19,94
4128,Student_4128,19,53
4129,Student_4129,24,99
4130,Student_4130,18,98
4131,Student_4131,23,55
4132,Student_4132,21,70
4133,Student_4133,22,68
4134,Student_4134,21,95
4135,Student_4135,24,61
4136,Student_4136,23,100
4137,Student_4137,23,89
4138,Student_4138,20,68
4139,Student_4139,20,74
4140,Student_4140,23,55
4141,Student_4141,21,99
4142,Student_4142,25,74
4143,Student_4143,19,56
4144,Student_4144,21,74
4145,Student_4145,23,63
4146,Student_4146,24,79
4147,Student_4147,25,100
4148,Student_4148,21,61
4149,Student_4149,18,86
4150,Student_4150,21,69
4151,Student_4151,21,61
4152,Student_4152,25,78
4153,Student_4153,22,70
4154,Student_4154,20,83
4155,Student_4155,21,87
4156,Student_4156,20,67
4157,Student_4157,18,80
4158,Student_4158,21,53
4159,Student_4159,24,69
4160,Student_4160,19,70
4161,Student_4161,19,94
4162,Student_4162,23,72
4163,Student_4163,23,84
4164,Student_4164,18,83
4165,Student_4165,18,99
4166,Student_4166,25,80
4167,Student_4167,25,70
4168,Student_4168,18,68
4169,Student_4169,20,83
4170,Student_4170,22,65
4171,Student_4171,21,71
4172,Student_4172,24,89
4173,Student_4173,24,64
4174,Student_4174,20,76
4175,Student_4175,20,72
4176,Student_4176,22,50
4177,Student_4177,22,93
4178,Student_4178,19,72
4179,Student_4179,20,61
4180,Student_4180,20,81
4181,Student_4181,25,75
4182,Student_4182,23,56
4183,Student_4183,21,90
4184,Student_4184,19,58
4185,Student_4185,19,80
4186,Student_4186,20,55
4187,Student_4187,20,81
4188,Student_4188,24,65
4189,Student_4189,19,89
4190,Student_4190,18,74
4191,Student_4191,25,95
4192,Student_4192,25,51
4193,Student_4193,25,91
4194,Student_4194,21,91
4195,Student_4195,21,73
4196,Student_4196,21,71
4197,Student_4197,20,62
4198,Student_4198,21,65
4199,Student_4199,19,80
4200,Student_4200,22,51
4201,Student_4201,25,87
4202,Student_4202,23,86
4203,Student_4203,18,100
4204,Student_4204,23,62
4205,Student_4205,25,67
4206,Student_4206,25,77
4207,Student_4207,24,72
4208,Student_4208,18,67
4209,Student_4209,19,55
4210,Student_4210,21,64
4211,Student_4211,22,93
4212,Student_4212,22,60
4213,Student_4213,18,68
4214,Student_4214,19,54
4215,Student_4215,20,61
4216,Student_4216,24,66
4217,Student_4217,20,85
4218,Student_4218,18,79
4219,Student_4219,21,91
4220,Student_4220,18,66
4221,Student_4221,24,62
4222,Student_4222,21,98
4223,Student_4223,25,71
4224,Student_4224,18,68
4225,Student_4225,24,88
4226,Student_4226,25,94
4227,Student_4227,23,54
4228,Student_4228,20,87
4229,Student_4229,20,88
4230,Student_4230,19,82
4231,Student_4231,22,84
4232,Student_4232,22,71
4233,Student_4233,18,90
4234,Student_4234,18,74
4235,Student_4235,18,62
4236,Student_4236,25,59
4237,Student_4237,25,86
4238,Student_4238,20,98
4239,Student_4239,23,100
4240,Student_4240,20,96
4241,Student_4241,21,74
4242,Student_4242,20,76
4243,Student_4243,24,65
4244,Student_4244,24,56
4245,Student_4245,23,72
4246,Student_4246,18,91
4247,Student_4247,25,67
4248,Student_4248,23,96
4249,Student_4249,19,92
4250,Student_4250,18,50
4251,Student_4251,20,71
4252,Student_4252,19,78
4253,Student_4253,22,79
4254,Student_4254,25,53
4255,Student_4255,19,85
4256,Student_4256,23,61
4257,Student_4257,24,60
4258,Student_4258,19,78
4259,Student_4259,18,94
4260,Student_4260,20,86
4261,Student_4261,18,53
4262,Student_4262,19,78
4263,Student_4263,24,85
4264,Student_4264,21,99
4265,Student_4265,25,74
4266,Student_4266,21,90
4267,Student_4267,21,86
4268,Student_4268,20,68
4269,Student_4269,23,65
4270,Student_4270,19,63
4271,Student_4271,21,92
4272,Student_4272,24,53
4273,Student_4273,25,94
4274,Student_4274,22,50
4275,Student_4275,22,66
4276,Student_4276,21,57
4277,Student_4277,21,89
4278,Student_4278,21,90
4279,Student_4279,23,94
4280,Student_4280,21,64
4281,Student_4281,21,75
4282,Student_4282,20,76
4283,Student_4283,20,99
4284,Student_4284,25,61
4285,Student_4285,22,62
4286,Student_4286,21,89
4287,Student_4287,23,71
4288,Student_4288,23,78
4289,Student_4289,24,70
4290,Student_4290,18,73
4291,Student_4291,21,92
4292,Student_4292,24,75
4293,Student_4293,19,72
4294,Student_4294,19,91
4295,Student_4295,22,72
4296,Student_4296,23,89
4297,Student_4297,21,79
4298,Student_4298,25,93
4299,Student_4299,25,79
4300,Student_4300,21,71
4301,Student_4301,21,67
4302,Student_4302,20,99
4303,Student_4303,24,92
4304,Student_4304,22,66
4305,Student_4305,21,99
4306,Student_4306,22,62
4307,Student_4307,23,63
4308,Student_4308,23,98
4309,Student_4309,20,51
4310,Student_4310,23,76
4311,Student_4311,23,93
4312,Student_4312,21,50
4313,Student_4313,24,54
4314,Student_4314,23,52
4315,Student_4315,20,53
4316,Student_4316,25,65
4317,Student_4317,18,94
4318,Student_4318,18,71
4319,Student_4319,23,75
4320,Student_4320,21,83
4321,Student_4321,18,65
4322,Student_4322,19,98
4323,Student_4323,21,85
4324,Student_4324,24,99
4325,Student_4325,21,85
4326,Student_4326,25,98
4327,Student_4327,18,89
4328,Student_4328,21,84
4329,Student_4329,18,94
4330,Student_4330,18,95
4331,Student_4331,23,77
4332,Student_4332,24,53
4333,Student_4333,20,76
4334,Student_4334,18,84
4335,Student_4335,19,92
4336,Student_4336,25,60
4337,Student_4337,23,59
4338,Student_4338,24,97
4339,Student_4339,22,66
4340,Student_4340,21,58
4341,Student_4341,21,50
4342,Student_4342,25,57
4343,Student_4343,18,67
4344,Student_4344,20,81
4345,Student_4345,23,98
4346,Student_4346,18,68
4347,Student_4347,23,73
4348,Student_4348,23,91
4349,Student_4349,19,85
4350,Student_4350,25,85
4351,Student_4351,20,85
4352,Student_4352,20,57
4353,Student_4353,19,100
4354,Student_4354,22,54
4355,Student_4355,18,72
4356,Student_4356,20,91
4357,Student_4357,19,63
4358,Student_4358,25,72
4359,Student_4359,22,80
4360,Student_4360,25,87
4361,Student_4361,20,69
4362,Student_4362,21,73
4363,Student_4363,18,52
4364,Student_4364,23,84
4365,Student_4365,23,79
4366,Student_4366,24,51
4367,Student_4367,19,65
4368,Student_4368,18,82
4369,Student_4369,19,68
4370,Student_4370,22,66
4371,Student_4371,20,78
4372,Student_4372,18,95
4373,Student_4373,19,82
4374,Student_4374,23,98
4375,Student_4375,20,63
4376,Student_4376,18,95
4377,Student_4377,22,99
4378,Student_4378,19,67
4379,Student_4379,18,90
4380,Student_4380,24,52
4381,Student_4381,20,61
4382,Student_4382,18,85
4383,Student_4383,21,52
4384,Student_4384,22,54
4385,Student_4385,24,65
4386,Student_4386,20,86
4387,Student_4387,23,77
4388,Student_4388,25,89
4389,Student_4389,23,71
4390,Student_4390,18,81
4391,Student_4391,19,66
4392,Student_4392,19,79
4393,Student_4393,18,84
4394,Student_4394,23,55
4395,Student_4395,19,72
4396,Student_4396,25,69
4397,Student_4397,23,97
4398,Student_4398,21,84
4399,Student_4399,21,93
4400,Student_4400,18,76
4401,Student_4401,19,56
4402,Student_4402,23,78
4403,Student_4403,21,75
4404,Student_4404,18,90
4405,Student_4405,25,52
4406,Student_4406,24,69
4407,Student_4407,18,52
4408,Student_4408,25,67
4409,Student_4409,24,58
4410,Student_4410,18,50
4411,Student_4411,21,83
4412,Student_4412,18,75
4413,Student_4413,24,62
4414,Student_4414,18,99
4415,Student_4415,21,83
4416,Student_4416,18,67
4417,Student_4417,23,68
4418,Student_4418,22,68
4419,Student_4419,25,57
4420,Student_4420,18,88
4421,Student_4421,25,50
4422,Student_4422,23,50
4423,Student_4423,20,84
4424,Student_4424,18,75
4425,Student_4425,19,72
4426,Student_4426,25,69
4427,Student_4427,25,86
4428,Student_4428,25,57
4429,Student_4429,24,88
4430,Student_4430,22,87
4431,Student_4431,23,66
4432,Student_4432,23,66
4433,Student_4433,24,100
4434,Student_4434,19,98
4435,Student_4435,21,97
4436,Student_4436,22,83
4437,Student_4437,19,84
4438,Student_4438,23,88
4439,Student_4439,18,90
4440,Student_4440,25,61
4441,Student_4441,22,54
4442,Student_4442,25,91
4443,Student_4443,25,100
4444,Student_4444,20,100
4445,Student_4445,20,88
4446,Student_4446,24,99
4447,Student_4447,21,98
4448,Student_4448,24,88
4449,Student_4449,20,65
4450,Student_4450,19,67
4451,Student_4451,21,51
4452,Student_4452,22,86
4453,Student_4453,19,100
4454,Student_4454,23,89
4455,Student_4455,21,53
4456,Student_4456,20,93
4457,Student_4457,20,53
4458,Student_4458,23,93
4459,Student_4459,23,99
4460,Student_4460,18,52
4461,Student_4461,18,90
4462,Student_4462,18,87
4463,Student_4463,23,90
4464,Student_4464,19,76
4465,Student_4465,25,97
4466,Student_4466,20,57
4467,Student_4467,24,89
4468,Student_4468,20,51
4469,Student_4469,21,78
4470,Student_4470,22,69
4471,Student_4471,21,54
4472,Student_4472,22,78
4473,Student_4473,23,78
4474,Student_4474,25,79
4475,Student_4475,21,87
4476,Student_4476,23,63
4477,Student_4477,23,50
4478,Student_4478,23,52
4479,Student_4479,21,96
4480,Student_4480,19,60
4481,Student_4481,24,83
4482,Student_4482,20,59
4483,Student_4483,18,62
4484,Student_4484,20,86
4485,Student_4485,22,85
4486,Student_4486,19,60
4487,Student_4487,25,80
4488,Student_4488,21,66
4489,Student_4489,18,60
4490,Student_4490,18,76
4491,Student_4491,18,60
4492,Student_4492,24,78
4493,Student_4493,23,68
4494,Student_4494,25,80
4495,Student_4495,21,75
4496,Student_4496,19,96
4497,Student_4497,24,100
4498,Student_4498,21,67
4499,Student_4499,20,69
4500,Student_4500,19,53
4501,Student_4501,23,77
4502,Student_4502,18,66
4503,Student_4503,25,61
4504,Student_4504,23,52
4505,Student_4505,24,85
4506,Student_4506,20,67
4507,Student_4507,20,91
4508,Student_4508,18,97
4509,Student_4509,19,89
4510,Student_4510,18,76
4511,Student_4511,23,80
4512,Student_4512,18,94
4513,Student_4513,18,65
4514,Student_4514,21,88
4515,Student_4515,21,66
4516,Student_4516,18,50
4517,Student_4517,25,58
4518,Student_4518,18,92
4519,Student_4519,19,92
4520,Student_4520,18,51
4521,Student_4521,22,51
4522,Student_4522,24,56
4523,Student_4523,18,59
4524,Student_4524,21,81
4525,Student_4525,22,57
4526,Student_4526,19,92
4527,Student_4527,21,60
4528,Student_4528,24,85
4529,Student_4529,19,85
4530,Student_4530,23,92
4531,Student_4531,20,76
4532,Student_4532,22,99
4533,Student_4533,18,69
4534,Student_4534,19,91
4535,Student_4535,22,70
4536,Student_4536,21,89
4537,Student_4537,25,67
4538,Student_4538,25,94
4539,Student_4539,25,55
4540,Student_4540,25,76
4541,Student_4541,21,79
4542,Student_4542,25,71
4543,Student_4543,23,93
4544,Student_4544,25,73
4545,Student_4545,23,65
4546,Student_4546,23,57
4547,Student_4547,23,82
4548,Student_4548,23,77
4549,Student_4549,22,88
4550,Student_4550,22,67
4551,Student_4551,23,76
4552,Student_4552,19,60
4553,Student_4553,19,84
4554,Student_4554,25,72
4555,Student_4555,25,85
4556,Student_4556,24,97
4557,Student_4557,22,51
4558,Student_4558,21,97
4559,Student_4559,20,57
4560,Student_4560,22,87
4561,Student_4561,23,100
4562,Student_4562,24,52
4563,Student_4563,18,52
4564,Student_4564,19,86
4565,Student_4565,25,89
4566,Student_4566,25,74
4567,Student_4567,20,73
4568,Student_4568,24,77
4569,Student_4569,19,66
4570,Student_4570,19,60
4571,Student_4571,18,67
4572,Student_4572,22,90
4573,Student_4573,24,98
4574,Student_4574,21,78
4575,Student_4575,21,92
4576,Student_4576,20,91
4577,Student_4577,19,54
4578,Student_4578,20,62
4579,Student_4579,21,99
4580,Student_4580,18,91
4581,Student_4581,21,55
4582,Student_4582,18,60
4583,Student_4583,25,80
4584,Student_4584,24,54
4585,Student_4585,19,84
4586,Student_4586,20,92
4587,Student_4587,24,91
4588,Student_4588,24,76
4589,Student_4589,25,73
4590,Student_4590,19,88
4591,Student_4591,23,61
4592,Student_4592,22,97
4593,Student_4593,19,91
4594,Student_4594,20,99
4595,Student_4595,22,59
4596,Student_4596,24,56
4597,Student_4597,24,76
4598,Student_4598,23,53
4599,Student_4599,23,56
4600,Student_4600,21,64
4601,Student_4601,24,92
4602,Student_4602,20,64
4603,Student_4603,19,94
4604,Student_4604,21,55
4605,Student_4605,23,55
4606,Student_4606,23,65
4607,Student_4607,18,87
4608,Student_4608,23,85
4609,Student_4609,23,81
4610,Student_4610,24,69
4611,Student_4611,24,76
4612,Student_4612,19,100
4613,Student_4613,23,59
4614,Student_4614,22,61
4615,Student_4615,22,63
4616,Student_4616,21,82
4617,Student_4617,19,65
4618,Student_4618,20,83
4619,Student_4619,23,90
4620,Student_4620,24,89
4621,Student_4621,23,59
4622,Student_4622,23,68
4623,Student_4623,24,81
4624,Student_4624,25,64
4625,Student_4625,19,97
4626,Student_4626,18,99
4627,Student_4627,18,53
4628,Student_4628,25,80
4629,Student_4629,25,61
4630,Student_4630,24,60
4631,Student_4631,19,100
4632,Student_4632,25,66
4633,Student_4633,23,58
4634,Student_4634,25,59
4635,Student_4635,21,83
4636,Student_4636,23,57
4637,Student_4637,23,58
4638,Student_4638,19,93
4639,Student_4639,18,100
4640,Student_4640,20,64
4641,Student_4641,24,59
4642,Student_4642,21,69
4643,Student_4643,24,59
4644,Student_4644,19,65
4645,Student_4645,23,82
4646,Student_4646,21,86
4647,Student_4647,21,99
4648,Student_4648,20,85
4649,Student_4649,24,67
4650,Student_4650,23,65
4651,Student_4651,22,59
4652,Student_4652,24,67
4653,Student_4653,18,59
4654,Student_4654,21,75
4655,Student_4655,18,62
4656,Student_4656,19,92
4657,Student_4657,25,69
4658,Student_4658,21,76
4659,Student_4659,18,87
4660,Student_4660,22,99
4661,Student_4661,19,80
4662,Student_4662,21,59
4663,Student_4663,24,54
4664,Student_4664,25,73
4665,Student_4665,20,88
4666,Student_4666,18,61
4667,Student_4667,20,83
4668,Student_4668,21,63
4669,Student_4669,20,74
4670,Student_4670,25,65
4671,Student_4671,22,67
4672,Student_4672,22,86
4673,Student_4673,24,60
4674,Student_4674,19,65
4675,Student_4675,23,83
4676,Student_4676,25,73
4677,Student_4677,19,61
4678,Student_4678,19,68
4679,Student_4679,25,96
4680,Student_4680,22,55
4681,Student_4681,18,69
4682,Student_4682,25,98
4683,Student_4683,19,62
4684,Student_4684,25,78
4685,Student_4685,23,88
4686,Student_4686,18,82
4687,Student_4687,25,91
4688,Student_4688,21,73
4689,Student_4689,23,87
4690,Student_4690,19,78
4691,Student_4691,24,97
4692,Student_4692,21,51
4693,Student_4693,18,81
4694,Student_4694,19,81
4695,Student_4695,18,89
4696,Student_4696,18,60
4697,Student_4697,20,79
4698,Student_4698,19,88
4699,Student_4699,20,54
4700,Student_4700,25,59
4701,Student_4701,18,91
4702,Student_4702,21,73
4703,Student_4703,25,100
4704,Student_4704,25,81
4705,Student_4705,18,86
4706,Student_4706,23,56
4707,Student_4707,19,93
4708,Student_4708,21,78
4709,Student_4709,21,57
4710,Student_4710,22,57
4711,Student_4711,19,56
4712,Student_4712,24,68
4713,Student_4713,20,79
4714,Student_4714,23,73
4715,Student_4715,24,55
4716,Student_4716,25,85
4717,Student_4717,22,81
4718,Student_4718,24,74
4719,Student_4719,19,87
4720,Student_4720,24,80
4721,Student_4721,19,96
4722,Student_4722,21,93
4723,Student_4723,23,51
4724,Student_4724,20,57
4725,Student_4725,18,54
4726,Student_4726,19,70
4727,Student_4727,23,92
4728,Student_4728,18,76
4729,Student_4729,21,74
4730,Student_4730,24,90
4731,Student_4731,24,72
4732,Student_4732,25,66
4733,Student_4733,25,50
4734,Student_4734,20,54
4735,Student_4735,23,64
4736,Student_4736,20,87
4737,Student_4737,24,53
4738,Student_4738,20,57
4739,Student_4739,22,64
4740,Student_4740,19,99
4741,Student_4741,25,57
4742,Student_4742,24,85
4743,Student_4743,25,96
4744,Student_4744,23,83
4745,Student_4745,20,83
4746,Student_4746,23,90
4747,Student_4747,22,91
4748,Student_4748,22,60
4749,Student_4749,21,58
4750,Student_4750,18,98
4751,Student_4751,18,69
4752,Student_4752,24,69
4753,Student_4753,18,74
4754,Student_4754,19,99
4755,Student_4755,21,99
4756,Student_4756,23,66
4757,Student_4757,24,92
4758,Student_4758,22,99
4759,Student_4759,21,87
4760,Student_4760,20,89
4761,Student_4761,23,57
4762,Student_4762,18,79
4763,Student_4763,18,91
4764,Student_4764,21,57
4765,Student_4765,22,100
4766,Student_4766,24,68
4767,Student_4767,18,79
4768,Student_4768,20,77
4769,Student_4769,24,78
4770,Student_4770,20,68
4771,Student_4771,20,60
4772,Student_4772,25,67
4773,Student_4773,19,84
4774,Student_4774,21,69
4775,Student_4775,21,88
4776,Student_4776,23,90
4777,Student_4777,18,89
4778,Student_4778,21,51
4779,Student_4779,18,60
4780,Student_4780,19,81
4781,Student_4781,22,85
4782,Student_4782,22,63
4783,Student_4783,20,95
4784,Student_4784,22,53
4785,Student_4785,22,78
4786,Student_4786,18,59
4787,Student_4787,20,84
4788,Student_4788,19,67
4789,Student_4789,20,68
4790,Student_4790,18,79
4791,Student_4791,21,54
4792,Student_4792,23,64
4793,Student_4793,18,67
4794,Student_4794,20,52
4795,Student_4795,23,82
4796,Student_4796,25,70
4797,Student_4797,19,83
4798,Student_4798,18,91
4799,Student_4799,19,55
4800,Student_4800,20,59
4801,Student_4801,22,63
4802,Student_4802,19,95
4803,Student_4803,19,74
4804,Student_4804,18,94
4805,Student_4805,21,96
4806,Student_4806,24,81
4807,Student_4807,20,72
4808,Student_4808,22,83
4809,Student_4809,24,99
4810,Student_4810,22,70
4811,Student_4811,22,85
4812,Student_4812,23,83
4813,Student_4813,18,55
4814,Student_4814,20,72
4815,Student_4815,18,82
4816,Student_4816,18,84
4817,Student_4817,19,64
4818,Student_4818,21,51
4819,Student_4819,18,92
4820,Student_4820,19,96
4821,Student_4821,21,77
4822,Student_4822,23,75
4823,Student_4823,18,78
4824,Student_4824,23,59
4825,Student_4825,20,54
4826,Student_4826,20,85
4827,Student_4827,25,78
4828,Student_4828,22,86
4829,Student_4829,23,69
4830,Student_4830,18,54
4831,Student_4831,24,85
4832,Student_4832,20,100
4833,Student_4833,20,65
4834,Student_4834,18,50
4835,Student_4835,20,74
4836,Student_4836,18,86
4837,Student_4837,18,67
4838,Student_4838,19,72
4839,Student_4839,19,82
4840,Student_4840,18,99
4841,Student_4841,21,90
4842,Student_4842,22,74
4843,Student_4843,24,57
4844,Student_4844,23,93
4845,Student_4845,23,75
4846,Student_4846,23,86
4847,Student_4847,22,70
4848,Student_4848,23,57
4849,Student_4849,21,81
4850,Student_4850,25,93
4851,Student_4851,24,60
4852,Student_4852,21,96
4853,Student_4853,19,95
4854,Student_4854,18,71
4855,Student_4855,23,73
4856,Student_4856,21,89
4857,Student_4857,20,89
4858,Student_4858,18,86
4859,Student_4859,23,94
4860,Student_4860,24,95
4861,Student_4861,22,90
4862,Student_4862,21,55
4863,Student_4863,22,98
4864,Student_4864,25,90
4865,Student_4865,19,99
4866,Student_4866,25,93
4867,Student_4867,20,99
4868,Student_4868,22,53
4869,Student_4869,24,84
4870,Student_4870,24,100
4871,Student_4871,20,53
4872,Student_4872,24,82
4873,Student_4873,24,67
4874,Student_4874,24,53
4875,Student_4875,24,70
4876,Student_4876,25,67
4877,Student_4877,25,63
4878,Student_4878,21,76
4879,Student_4879,24,59
4880,Student_4880,22,100
4881,Student_4881,24,91
4882,Student_4882,21,63
4883,Student_4883,25,81
4884,Student_4884,22,65
4885,Student_4885,23,58
4886,Student_4886,24,76
4887,Student_4887,20,79
4888,Student_4888,24,65
4889,Student_4889,18,56
4890,Student_4890,23,75
4891,Student_4891,19,98
4892,Student_4892,24,64
4893,Student_4893,24,55
4894,Student_4894,23,94
4895,Student_4895,24,95
4896,Student_4896,18,80
4897,Student_4897,23,92
4898,Student_4898,24,86
4899,Student_4899,18,70
4900,Student_4900,20,76
4901,Student_4901,21,81
4902,Student_4902,19,88
4903,Student_4903,18,70
4904,Student_4904,21,80
4905,Student_4905,22,73
4906,Student_4906,25,52
4907,Student_4907,21,79
4908,Student_4908,22,97
4909,Student_4909,21,54
4910,Student_4910,21,78
4911,Student_4911,20,81
4912,Student_4912,25,100
4913,Student_4913,18,77
4914,Student_4914,23,70
4915,Student_4915,24,66
4916,Student_4916,21,96
4917,Student_4917,24,82
4918,Student_4918,24,57
4919,Student_4919,20,79
4920,Student_4920,22,54
4921,Student_4921,24,61
4922,Student_4922,20,79
4923,Student_4923,20,61
4924,Student_4924,23,62
4925,Student_4925,19,98
4926,Student_4926,20,58
4927,Student_4927,18,89
4928,Student_4928,21,85
4929,Student_4929,23,72
4930,Student_4930,23,81
4931,Student_4931,21,87
4932,Student_4932,18,76
4933,Student_4933,24,54
4934,Student_4934,20,81
4935,Student_4935,19,60
4936,Student_4936,20,94
4937,Student_4937,18,80
4938,Student_4938,21,98
4939,Student_4939,25,60
4940,Student_4940,18,66
4941,Student_4941,23,63
4942,Student_4942,20,79
4943,Student_4943,25,84
4944,Student_4944,24,65
4945,Student_4945,24,63
4946,Student_4946,24,92
4947,Student_4947,24,84
4948,Student_4948,21,53
4949,Student_4949,20,92
4950,Student_4950,18,98
4951,Student_4951,23,74
4952,Student_4952,21,75
4953,Student_4953,25,62
4954,Student_4954,21,78
4955,Student_4955,21,67
4956,Student_4956,22,65
4957,Student_4957,25,97
4958,Student_4958,18,82
4959,Student_4959,20,64
4960,Student_4960,19,79
4961,Student_4961,24,78
4962,Student_4962,24,91
4963,Student_4963,19,86
4964,Student_4964,21,62
4965,Student_4965,23,74
4966,Student_4966,24,72
4967,Student_4967,20,77
4968,Student_4968,22,99
4969,Student_4969,24,88
4970,Student_4970,23,58
4971,Student_4971,24,58
4972,Student_4972,21,82
4973,Student_4973,20,81
4974,Student_4974,25,88
4975,Student_4975,23,67
4976,Student_4976,22,68
4977,Student_4977,25,52
4978,Student_4978,21,81
4979,Student_4979,19,73
4980,Student_4980,18,58
4981,Student_4981,19,53
4982,Student_4982,22,65
4983,Student_4983,22,53
4984,Student_4984,25,65
4985,Student_4985,21,86
4986,Student_4986,23,76
4987,Student_4987,24,61
4988,Student_4988,18,54
4989,Student_4989,21,89
4990,Student_4990,19,76
4991,Student_4991,23,88
4992,Student_4992,19,55
4993,Student_4993,25,57
4994,Student_4994,22,50
4995,Student_4995,23,54
4996,Student_4996,25,85
4997,Student_4997,19,91
4998,Student_4998,18,64
4999,Student_4999,24,87
5000,Student_5000,23,97
5001,Student_5001,24,98
5002,Student_5002,23,85
5003,Student_5003,18,51
5004,Student_5004,18,72
5005,Student_5005,19,50
5006,Student_5006,18,57
5007,Student_5007,23,68
5008,Student_5008,20,56
5009,Student_5009,22,55
5010,Student_5010,20,98
5011,Student_5011,20,61
5012,Student_5012,20,88
5013,Student_5013,19,91
5014,Student_5014,19,99
5015,Student_5015,23,63
5016,Student_5016,25,92
5017,Student_5017,19,61
5018,Student_5018,23,61
5019,Student_5019,24,86
5020,Student_5020,20,95
5021,Student_5021,19,97
5022,Student_5022,23,61
5023,Student_5023,24,63
5024,Student_5024,25,88
5025,Student_5025,20,84
5026,Student_5026,22,96
5027,Student_5027,24,95
5028,Student_5028,25,86
5029,Student_5029,22,78
5030,Student_5030,25,60
5031,Student_5031,25,53
5032,Student_5032,21,70
5033,Student_5033,18,72
5034,Student_5034,20,71
5035,Student_5035,22,84
5036,Student_5036,21,98
5037,Student_5037,23,72
5038,Student_5038,19,82
5039,Student_5039,25,80
5040,Student_5040,23,61
5041,Student_5041,20,63
5042,Student_5042,22,60
5043,Student_5043,19,72
5044,Student_5044,20,92
5045,Student_5045,22,77
5046,Student_5046,22,64
5047,Student_5047,25,62
5048,Student_5048,18,64
5049,Student_5049,18,96
5050,Student_5050,21,76
5051,Student_5051,19,59
5052,Student_5052,20,64
5053,Student_5053,21,55
5054,Student_5054,20,54
5055,Student_5055,20,50
5056,Student_5056,25,59
5057,Student_5057,23,87
5058,Student_5058,19,66
5059,Student_5059,20,74
5060,Student_5060,21,99
5061,Student_5061,25,94
5062,Student_5062,20,92
5063,Student_5063,18,75
5064,Student_5064,22,81
5065,Student_5065,22,96
5066,Student_5066,21,73
5067,Student_5067,24,75
5068,Student_5068,19,52
5069,Student_5069,21,86
5070,Student_5070,18,85
5071,Student_5071,23,63
5072,Student_5072,25,70
5073,Student_5073,25,61
5074,Student_5074,18,54
5075,Student_5075,19,82
5076,Student_5076,24,91
5077,Student_5077,20,60
5078,Student_5078,19,84
5079,Student_5079,21,53
5080,Student_5080,19,100
5081,Student_5081,23,70
5082,Student_5082,19,67
5083,Student_5083,22,83
5084,Student_5084,22,80
5085,Student_5085,20,77
5086,Student_5086,20,92
5087,Student_5087,22,76
5088,Student_5088,25,74
5089,Student_5089,23,56
5090,Student_5090,23,64
5091,Student_5091,25,56
5092,Student_5092,25,53
5093,Student_5093,25,74
5094,Student_5094,20,53
5095,Student_5095,18,73
5096,Student_5096,22,73
5097,Student_5097,21,53
5098,Student_5098,21,94
5099,Student_5099,21,82
5100,Student_5100,23,71
5101,Student_5101,24,50
5102,Student_5102,22,68
5103,Student_5103,18,52
5104,Student_5104,25,68
5105,Student_5105,19,76
5106,Student_5106,20,83
5107,Student_5107,22,51
5108,Student_5108,24,67
5109,Student_5109,21,72
5110,Student_5110,19,98
5111,Student_5111,21,51
5112,Student_5112,22,66
5113,Student_5113,18,60
5114,Student_5114,24,99
5115,Student_5115,20,96
5116,Student_5116,19,50
5117,Student_5117,18,86
5118,Student_5118,23,70
5119,Student_5119,20,52
5120,Student_5120,25,50
5121,Student_5121,23,82
5122,Student_5122,23,61
5123,Student_5123,24,74
5124,Student_5124,19,79
5125,Student_5125,22,79
5126,Student_5126,23,97
5127,Student_5127,19,74
5128,Student_5128,22,83
5129,Student_5129,22,69
5130,Student_5130,24,95
5131,Student_5131,19,79
5132,Student_5132,25,85
5133,Student_5133,21,50
5134,Student_5134,18,75
5135,Student_5135,19,86
5136,Student_5136,25,51
5137,Student_5137,25,78
5138,Student_5138,22,87
5139,Student_5139,20,61
5140,Student_5140,22,79
5141,Student_5141,24,84
5142,Student_5142,23,93
5143,Student_5143,23,100
5144,Student_5144,23,98
5145,Student_5145,21,61
5146,Student_5146,19,56
5147,Student_5147,23,91
5148,Student_5148,20,80
5149,Student_5149,24,77
5150,Student_5150,18,60
5151,Student_5151,22,63
5152,Student_5152,19,80
5153,Student_5153,24,100
5154,Student_5154,20,84
5155,Student_5155,20,75
5156,Student_5156,18,57
5157,Student_5157,19,100
5158,Student_5158,20,82
5159,Student_5159,18,71
5160,Student_5160,21,99
5161,Student_5161,19,92
5162,Student_5162,25,66
5163,Student_5163,23,74
5164,Student_5164,23,75
5165,Student_5165,20,52
5166,Student_5166,19,61
5167,Student_5167,20,73
5168,Student_5168,24,51
5169,Student_5169,22,56
5170,Student_5170,18,70
5171,Student_5171,23,66
5172,Student_5172,22,87
5173,Student_5173,20,91
5174,Student_5174,21,68
5175,Student_5175,25,96
5176,Student_5176,20,79
5177,Student_5177,23,86
5178,Student_5178,18,83
5179,Student_5179,19,78
5180,Student_5180,20,69
5181,Student_5181,20,65
5182,Student_5182,18,52
5183,Student_5183,21,70
5184,Student_5184,18,59
5185,Student_5185,21,51
5186,Student_5186,22,97
5187,Student_5187,19,63
5188,Student_5188,22,94
5189,Student_5189,21,97
5190,Student_5190,21,75
5191,Student_5191,25,66
5192,Student_5192,24,78
5193,Student_5193,21,90
5194,Student_5194,23,95
5195,Student_5195,21,54
5196,Student_5196,21,61
5197,Student_5197,21,67
5198,Student_5198,20,65
5199,Student_5199,18,91
5200,Student_5200,18,79
5201,Student_5201,18,65
5202,Student_5202,18,96
5203,Student_5203,24,59
5204,Student_5204,18,52
5205,Student_5205,19,58
5206,Student_5206,19,73
5207,Student_5207,20,52
5208,Student_5208,24,66
5209,Student_5209,20,58
5210,Student_5210,20,50
5211,Student_5211,22,90
5212,Student_5212,25,62
5213,Student_5213,19,60
5214,Student_5214,23,100
5215,Student_5215,25,69
5216,Student_5216,21,81
5217,Student_5217,23,76
5218,Student_5218,18,78
5219,Student_5219,25,91
5220,Student_5220,18,71
5221,Student_5221,18,50
5222,Student_5222,25,85
5223,Student_5223,18,95
5224,Student_5224,22,77
5225,Student_5225,18,99
5226,Student_5226,25,82
5227,Student_5227,24,62
5228,Student_5228,18,88
5229,Student_5229,22,97
5230,Student_5230,18,87
5231,Student_5231,21,78
5232,Student_5232,20,57
5233,Student_5233,20,81
5234,Student_5234,22,84
5235,Student_5235,20,81
5236,Student_5236,18,91
5237,Student_5237,21,71
5238,Student_5238,18,73
5239,Student_5239,19,61
5240,Student_5240,23,54
5241,Student_5241,25,51
5242,Student_5242,22,100
5243,Student_5243,24,89
5244,Student_5244,24,67
5245,Student_5245,18,83
5246,Student_5246,19,76
5247,Student_5247,20,86
5248,Student_5248,24,93
5249,Student_5249,18,74
5250,Student_5250,19,92
5251,Student_5251,25,92
5252,Student_5252,21,95
5253,Student_5253,19,68
5254,Student_5254,23,51
5255,Student_5255,23,99
5256,Student_5256,21,55
5257,Student_5257,23,88
5258,Student_5258,19,88
5259,Student_5259,19,63
5260,Student_5260,19,80
5261,Student_5261,23,72
5262,Student_5262,20,71
5263,Student_5263,23,61
5264,Student_5264,23,79
5265,Student_5265,20,88
5266,Student_5266,23,76
5267,Student_5267,18,57
5268,Student_5268,24,95
5269,Student_5269,23,86
5270,Student_5270,18,76
5271,Student_5271,25,55
5272,Student_5272,25,60
5273,Student_5273,18,90
5274,Student_5274,25,88
5275,Student_5275,21,54
5276,Student_5276,23,65
5277,Student_5277,21,94
5278,Student_5278,20,100
5279,Student_5279,19,93
5280,Student_5280,18,91
5281,Student_5281,25,86
5282,Student_5282,19,96
5283,Student_5283,24,62
5284,Student_5284,24,77
5285,Student_5285,21,94
5286,Student_5286,24,50
5287,Student_5287,18,66
5288,Student_5288,23,60
5289,Student_5289,19,70
5290,Student_5290,21,58
5291,Student_5291,19,56
5292,Student_5292,25,72
5293,Student_5293,24,59
5294,Student_5294,22,97
5295,Student_5295,18,87
5296,Student_5296,19,67
5297,Student_5297,24,99
5298,Student_5298,25,72
5299,Student_5299,23,85
5300,Student_5300,19,63
5301,Student_5301,18,82
5302,Student_5302,20,76
5303,Student_5303,25,58
5304,Student_5304,24,91
5305,Student_5305,18,85
5306,Student_5306,19,69
5307,Student_5307,21,52
5308,Student_5308,20,57
5309,Student_5309,23,54
5310,Student_5310,20,84
5311,Student_5311,24,58
5312,Student_5312,21,82
5313,Student_5313,18,50
5314,Student_5314,25,60
5315,Student_5315,18,69
5316,Student_5316,19,72
5317,Student_5317,18,89
5318,Student_5318,24,67
5319,Student_5319,23,69
5320,Student_5320,20,55
5321,Student_5321,20,53
5322,Student_5322,23,89
5323,Student_5323,21,68
5324,Student_5324,19,85
5325,Student_5325,24,71
5326,Student_5326,18,73
5327,Student_5327,25,55
5328,Student_5328,20,84
5329,Student_5329,18,82
5330,Student_5330,19,76
5331,Student_5331,18,94
5332,Student_5332,25,88
5333,Student_5333,23,73
5334,Student_5334,21,81
5335,Student_5335,20,63
5336,Student_5336,25,50
5337,Student_5337,24,54
5338,Student_5338,23,61
5339,Student_5339,19,52
5340,Student_5340,20,72
5341,Student_5341,18,91
5342,Student_5342,18,87
5343,Student_5343,23,73
5344,Student_5344,20,67
5345,Student_5345,18,68
5346,Student_5346,25,85
5347,Student_5347,25,75
5348,Student_5348,21,100
5349,Student_5349,19,76
5350,Student_5350,20,53
5351,Student_5351,18,81
5352,Student_5352,22,55
5353,Student_5353,23,61
5354,Student_5354,25,81
5355,Student_5355,23,72
5356,Student_5356,18,55
5357,Student_5357,25,77
5358,Student_5358,24,88
5359,Student_5359,25,79
5360,Student_5360,24,70
5361,Student_5361,24,53
5362,Student_5362,20,99
5363,Student_5363,18,62
5364,Student_5364,22,67
5365,Student_5365,20,95
5366,Student_5366,25,74
5367,Student_5367,21,90
5368,Student_5368,22,94
5369,Student_5369,20,73
5370,Student_5370,25,100
5371,Student_5371,25,76
5372,Student_5372,25,80
5373,Student_5373,24,90
5374,Student_5374,20,80
5375,Student_5375,20,92
5376,Student_5376,20,56
5377,Student_5377,23,91
5378,Student_5378,21,61
5379,Student_5379,20,53
5380,Student_5380,21,86
5381,Student_5381,24,96
5382,Student_5382,21,64
5383,Student_5383,24,68
5384,Student_5384,24,82
5385,Student_5385,25,50
5386,Student_5386,18,72
5387,Student_5387,20,95
5388,Student_5388,20,89
5389,Student_5389,19,90
5390,Student_5390,22,73
5391,Student_5391,22,89
5392,Student_5392,18,64
5393,Student_5393,21,80
5394,Student_5394,25,72
5395,Student_5395,20,96
5396,Student_5396,24,84
5397,Student_5397,18,87
5398,Student_5398,19,72
5399,Student_5399,24,54
5400,Student_5400,21,99
5401,Student_5401,20,83
5402,Student_5402,18,77
5403,Student_5403,25,64
5404,Student_5404,20,62
5405,Student_5405,23,53
5406,Student_5406,25,83
5407,Student_5407,20,58
5408,Student_5408,23,78
5409,Student_5409,20,74
5410,Student_5410,21,90
5411,Student_5411,20,94
5412,Student_5412,24,72
5413,Student_5413,23,73
5414,Student_5414,19,86
5415,Student_5415,18,92
5416,Student_5416,25,54
5417,Student_5417,21,75
5418,Student_5418,20,93
5419,Student_5419,18,51
5420,Student_5420,25,96
5421,Student_5421,25,53
5422,Student_5422,18,50
5423,Student_5423,18,78
5424,Student_5424,24,98
5425,Student_5425,18,70
5426,Student_5426,21,70
5427,Student_5427,20,75
5428,Student_5428,20,95
5429,Student_5429,23,75
5430,Student_5430,24,57
5431,Student_5431,22,71
5432,Student_5432,22,50
5433,Student_5433,21,91
5434,Student_5434,21,81
5435,Student_5435,24,79
5436,Student_5436,19,70
5437,Student_5437,19,71
5438,Student_5438,19,61
5439,Student_5439,19,64
5440,Student_5440,22,83
5441,Student_5441,19,73
5442,Student_5442,22,79
5443,Student_5443,22,89
5444,Student_5444,24,52
5445,Student_5445,24,62
5446,Student_5446,20,68
5447,Student_5447,19,63
5448,Student_5448,22,95
5449,Student_5449,23,79
5450,Student_5450,22,86
5451,Student_5451,22,66
5452,Student_5452,21,55
5453,Student_5453,24,70
5454,Student_5454,21,96
5455,Student_5455,25,84
5456,Student_5456,20,97
5457,Student_5457,19,56
5458,Student_5458,24,98
5459,Student_5459,20,69
5460,Student_5460,23,51
5461,Student_5461,25,92
5462,Student_5462,20,84
5463,Student_5463,22,51
5464,Student_5464,20,84
5465,Student_5465,23,79
5466,Student_5466,18,95
5467,Student_5467,20,65
5468,Student_5468,20,71
5469,Student_5469,19,60
5470,Student_5470,21,80
5471,Student_5471,18,91
5472,Student_5472,20,84
5473,Student_5473,18,75
5474,Student_5474,20,61
5475,Student_5475,24,73
5476,Student_5476,24,56
5477,Student_5477,21,71
5478,Student_5478,21,63
5479,Student_5479,19,72
5480,Student_5480,22,91
5481,Student_5481,23,60
5482,Student_5482,21,81
5483,Student_5483,24,62
5484,Student_5484,24,76
5485,Student_5485,18,70
5486,Student_5486,19,65
5487,Student_5487,18,74
5488,Student_5488,24,86
5489,Student_5489,23,55
5490,Student_5490,21,88
5491,Student_5491,23,90
5492,Student_5492,20,66
5493,Student_5493,25,99
5494,Student_5494,22,78
5495,Student_5495,18,53
5496,Student_5496,19,98
5497,Student_5497,24,85
5498,Student_5498,23,96
5499,Student_5499,23,90
5500,Student_5500,25,90
5501,Student_5501,21,60
5502,Student_5502,20,86
5503,Student_5503,18,87
5504,Student_5504,19,58
5505,Student_5505,21,92
5506,Student_5506,22,87
5507,Student_5507,23,84
5508,Student_5508,25,64
5509,Student_5509,25,97
5510,Student_5510,25,99
5511,Student_5511,24,89
5512,Student_5512,18,52
5513,Student_5513,21,84
5514,Student_5514,25,74
5515,Student_5515,20,64
5516,Student_5516,22,50
5517,Student_5517,20,89
5518,Student_5518,25,78
5519,Student_5519,22,56
5520,Student_5520,23,93
5521,Student_5521,23,85
5522,Student_5522,24,96
5523,Student_5523,24,59
5524,Student_5524,25,52
5525,Student_5525,18,76
5526,Student_5526,19,51
5527,Student_5527,23,96
5528,Student_5528,18,52
5529,Student_5529,25,81
5530,Student_5530,19,82
5531,Student_5531,21,94
5532,Student_5532,22,76
5533,Student_5533,25,88
5534,Student_5534,24,91
5535,Student_5535,24,67
5536,Student_5536,18,81
5537,Student_5537,24,60
5538,Student_5538,22,98
5539,Student_5539,23,81
5540,Student_5540,23,75
5541,Student_5541,22,59
5542,Student_5542,19,68
5543,Student_5543,18,58
5544,Student_5544,19,57
5545,Student_5545,21,98
5546,Student_5546,19,59
5547,Student_5547,21,84
5548,Student_5548,24,98
5549,Student_5549,23,56
5550,Student_5550,23,96
5551,Student_5551,22,71
5552,Student_5552,19,77
5553,Student_5553,18,88
5554,Student_5554,25,85
5555,Student_5555,23,91
5556,Student_5556,18,52
5557,Student_5557,18,63
5558,Student_5558,22,84
5559,Student_5559,25,78
5560,Student_5560,18,55
5561,Student_5561,24,85
5562,Student_5562,21,68
5563,Student_5563,24,67
5564,Student_5564,24,86
5565,Student_5565,21,79
5566,Student_5566,22,56
5567,Student_5567,21,68
5568,Student_5568,25,73
5569,Student_5569,20,65
5570,Student_5570,21,62
5571,Student_5571,18,63
5572,Student_5572,19,55
5573,Student_5573,25,61
5574,Student_5574,19,57
5575,Student_5575,19,81
5576,Student_5576,22,72
5577,Student_5577,22,78
5578,Student_5578,21,79
5579,Student_5579,25,97
5580,Student_5580,24,87
5581,Student_5581,23,93
5582,Student_5582,25,62
5583,Student_5583,20,87
5584,Student_5584,20,97
5585,Student_5585,18,90
5586,Student_5586,19,62
5587,Student_5587,22,55
5588,Student_5588,19,70
5589,Student_5589,20,96
5590,Student_5590,25,83
5591,Student_5591,22,55
5592,Student_5592,19,78
5593,Student_5593,21,60
5594,Student_5594,20,80
5595,Student_5595,19,95
5596,Student_5596,19,97
5597,Student_5597,24,81
5598,Student_5598,24,68
5599,Student_5599,18,96
5600,Student_5600,22,80
5601,Student_5601,18,63
5602,Student_5602,23,96
5603,Student_5603,23,79
5604,Student_5604,18,69
5605,Student_5605,20,50
5606,Student_5606,23,58
5607,Student_5607,23,56
5608,Student_5608,23,65
5609,Student_5609,21,57
5610,Student_5610,25,100
5611,Student_5611,22,84
5612,Student_5612,22,68
5613,Student_5613,24,98
5614,Student_5614,18,94
5615,Student_5615,21,51
5616,Student_5616,21,97
5617,Student_5617,24,87
5618,Student_5618,25,51
5619,Student_5619,20,66
5620,Student_5620,24,50
5621,Student_5621,23,96
5622,Student_5622,23,63
5623,Student_5623,20,90
5624,Student_5624,24,70
5625,Student_5625,20,62
5626,Student_5626,18,50
5627,Student_5627,25,53
5628,Student_5628,20,54
5629,Student_5629,18,82
5630,Student_5630,22,52
5631,Student_5631,22,80
5632,Student_5632,25,96
5633,Student_5633,24,53
5634,Student_5634,21,100
5635,Student_5635,21,74
5636,Student_5636,18,71
5637,Student_5637,21,59
5638,Student_5638,19,52
5639,Student_5639,20,83
5640,Student_5640,23,64
5641,Student_5641,23,93
5642,Student_5642,22,71
5643,Student_5643,23,90
5644,Student_5644,18,53
5645,Student_5645,22,100
5646,Student_5646,23,78
5647,Student_5647,19,59
5648,Student_5648,20,80
5649,Student_5649,21,50
5650,Student_5650,19,58
5651,Student_5651,19,56
5652,Student_5652,25,70
5653,Student_5653,24,82
5654,Student_5654,23,77
5655,Student_5655,20,88
5656,Student_5656,18,97
5657,Student_5657,21,98
5658,Student_5658,21,59
5659,Student_5659,23,60
5660,Student_5660,20,84
5661,Student_5661,20,86
5662,Student_5662,18,53
5663,Student_5663,20,82
5664,Student_5664,22,61
5665,Student_5665,24,56
5666,Student_5666,21,72
5667,Student_5667,19,88
5668,Student_5668,20,100
5669,Student_5669,18,70
5670,Student_5670,20,82
5671,Student_5671,18,53
5672,Student_5672,25,86
5673,Student_5673,18,52
5674,Student_5674,25,64
5675,Student_5675,18,92
5676,Student_5676,22,79
5677,Student_5677,18,86
5678,Student_5678,25,81
5679,Student_5679,21,54
5680,Student_5680,21,81
5681,Student_5681,23,86
5682,Student_5682,21,94
5683,Student_5683,23,75
5684,Student_5684,22,73
5685,Student_5685,20,67
5686,Student_5686,22,84
5687,Student_5687,24,63
5688,Student_5688,21,72
5689,Student_5689,22,50
5690,Student_5690,23,86
5691,Student_5691,18,85
5692,Student_5692,23,54
5693,Student_5693,20,50
5694,Student_5694,18,51
5695,Student_5695,23,60
5696,Student_5696,18,96
5697,Student_5697,18,71
5698,Student_5698,24,87
5699,Student_5699,22,85
5700,Student_5700,24,65
5701,Student_5701,23,88
5702,Student_5702,19,80
5703,Student_5703,19,69
5704,Student_5704,23,70
5705,Student_5705,23,94
5706,Student_5706,20,70
5707,Student_5707,22,97
5708,Student_5708,25,88
5709,Student_5709,19,83
5710,Student_5710,22,52
5711,Student_5711,23,98
5712,Student_5712,23,90
5713,Student_5713,23,100
5714,Student_5714,23,92
5715,Student_5715,24,80
5716,Student_5716,24,80
5717,Student_5717,21,52
5718,Student_5718,18,65
5719,Student_5719,19,63
5720,Student_5720,24,85
5721,Student_5721,21,98
5722,Student_5722,22,68
5723,Student_5723,24,60
5724,Student_5724,18,64
5725,Student_5725,19,85
5726,Student_5726,24,76
5727,Student_5727,22,52
5728,Student_5728,22,65
5729,Student_5729,25,93
5730,Student_5730,24,71
5731,Student_5731,22,63
5732,Student_5732,20,94
5733,Student_5733,23,75
5734,Student_5734,19,95
5735,Student_5735,18,81
5736,Student_5736,25,85
5737,Student_5737,25,83
5738,Student_5738,23,55
5739,Student_5739,24,85
5740,Student_5740,19,92
5741,Student_5741,23,86
5742,Student_5742,23,85
5743,Student_5743,23,94
5744,Student_5744,19,97
5745,Student_5745,20,50
5746,Student_5746,21,62
5747,Student_5747,18,100
5748,Student_5748,20,70
5749,Student_5749,21,50
5750,Student_5750,23,77
5751,Student_5751,21,64
5752,Student_5752,23,93
5753,Student_5753,23,78
5754,Student_5754,23,83
5755,Student_5755,23,91
5756,Student_5756,20,89
5757,Student_5757,18,84
5758,Student_5758,21,65
5759,Student_5759,24,95
5760,Student_5760,21,53
5761,Student_5761,18,72
5762,Student_5762,23,70
5763,Student_5763,19,89
5764,Student_5764,25,61
5765,Student_5765,19,54
5766,Student_5766,21,59
5767,Student_5767,19,95
5768,Student_5768,20,90
5769,Student_5769,18,58
5770,Student_5770,19,57
5771,Student_5771,18,58
5772,Student_5772,24,58
5773,Student_5773,19,70
5774,Student_5774,23,74
5775,Student_5775,18,50
5776,Student_5776,22,67
5777,Student_5777,22,85
5778,Student_5778,22,78
5779,Student_5779,19,51
5780,Student_5780,25,88
5781,Student_5781,23,50
5782,Student_5782,22,51
5783,Student_5783,21,85
5784,Student_5784,20,91
5785,Student_5785,18,65
5786,Student_5786,19,99
5787,Student_5787,25,81
5788,Student_5788,23,71
5789,Student_5789,19,58
5790,Student_5790,19,94
5791,Student_5791,18,68
5792,Student_5792,25,92
5793,Student_5793,24,71
5794,Student_5794,21,100
5795,Student_5795,25,70
5796,Student_5796,21,97
5797,Student_5797,21,70
5798,Student_5798,25,66
5799,Student_5799,23,85
5800,Student_5800,19,73
5801,Student_5801,23,90
5802,Student_5802,18,71
5803,Student_5803,20,51
5804,Student_5804,22,85
5805,Student_5805,23,95
5806,Student_5806,20,87
5807,Student_5807,24,62
5808,Student_5808,23,58
5809,Student_5809,23,64
5810,Student_5810,25,85
5811,Student_5811,19,86
5812,Student_5812,23,61
5813,Student_5813,18,82
5814,Student_5814,22,65
5815,Student_5815,20,63
5816,Student_5816,24,76
5817,Student_5817,21,62
5818,Student_5818,19,94
5819,Student_5819,23,56
5820,Student_5820,24,86
5821,Student_5821,19,50
5822,Student_5822,21,54
5823,Student_5823,23,51
5824,Student_5824,21,68
5825,Student_5825,21,63
5826,Student_5826,20,95
5827,Student_5827,24,54
5828,Student_5828,20,62
5829,Student_5829,18,62
5830,Student_5830,23,91
5831,Student_5831,19,92
5832,Student_5832,22,97
5833,Student_5833,21,86
5834,Student_5834,18,93
5835,Student_5835,20,96
5836,Student_5836,23,76
5837,Student_5837,19,75
5838,Student_5838,22,65
5839,Student_5839,20,58
5840,Student_5840,24,95
5841,Student_5841,19,79
5842,Student_5842,22,80
5843,Student_5843,19,81
5844,Student_5844,19,85
5845,Student_5845,25,73
5846,Student_5846,21,63
5847,Student_5847,19,56
5848,Student_5848,22,71
5849,Student_5849,19,74
5850,Student_5850,19,73
5851,Student_5851,24,57
5852,Student_5852,19,62
5853,Student_5853,23,100
5854,Student_5854,22,72
5855,Student_5855,18,81
5856,Student_5856,22,97
5857,Student_5857,20,85
5858,Student_5858,22,88
5859,Student_5859,19,77
5860,Student_5860,22,69
5861,Student_5861,18,54
5862,Student_5862,19,98
5863,Student_5863,21,76
5864,Student_5864,20,68
5865,Student_5865,23,73
5866,Student_5866,23,51
5867,Student_5867,22,79
5868,Student_5868,22,52
5869,Student_5869,22,84
5870,Student_5870,23,50
5871,Student_5871,22,84
5872,Student_5872,20,89
5873,Student_5873,18,68
5874,Student_5874,23,65
5875,Student_5875,18,73
5876,Student_5876,23,56
5877,Student_5877,25,69
5878,Student_5878,21,57
5879,Student_5879,24,92
5880,Student_5880,25,63
5881,Student_5881,23,95
5882,Student_5882,18,95
5883,Student_5883,23,87
5884,Student_5884,19,81
5885,Student_5885,18,78
5886,Student_5886,24,70
5887,Student_5887,22,61
5888,Student_5888,23,73
5889,Student_5889,19,88
5890,Student_5890,25,50
5891,Student_5891,25,76
5892,Student_5892,19,57
5893,Student_5893,20,82
5894,Student_5894,24,60
5895,Student_5895,19,54
5896,Student_5896,25,64
5897,Student_5897,23,68
5898,Student_5898,25,84
5899,Student_5899,21,100
5900,Student_5900,24,62
5901,Student_5901,20,79
5902,Student_5902,19,71
5903,Student_5903,19,50
5904,Student_5904,21,60
5905,Student_5905,24,72
5906,Student_5906,20,54
5907,Student_5907,22,76
5908,Student_5908,22,60
5909,Student_5909,18,86
5910,Student_5910,25,96
5911,Student_5911,25,92
5912,Student_5912,24,64
5913,Student_5913,23,87
5914,Student_5914,19,79
5915,Student_5915,18,79
5916,Student_5916,18,79
5917,Student_5917,24,97
5918,Student_5918,25,88
5919,Student_5919,25,75
5920,Student_5920,20,69
5921,Student_5921,21,66
5922,Student_5922,18,64
5923,Student_5923,22,75
5924,Student_5924,18,61
5925,Student_5925,24,78
5926,Student_5926,21,82
5927,Student_5927,23,96
5928,Student_5928,22,55
5929,Student_5929,18,98
5930,Student_5930,19,90
5931,Student_5931,19,84
5932,Student_5932,18,52
5933,Student_5933,25,62
5934,Student_5934,21,92
5935,Student_5935,23,71
5936,Student_5936,21,89
5937,Student_5937,23,80
5938,Student_5938,23,91
5939,Student_5939,21,92
5940,Student_5940,24,89
5941,Student_5941,25,79
5942,Student_5942,22,95
5943,Student_5943,23,79
5944,Student_5944,18,98
5945,Student_5945,25,66
5946,Student_5946,22,68
5947,Student_5947,21,62
5948,Student_5948,19,50
5949,Student_5949,23,94
5950,Student_5950,19,85
5951,Student_5951,21,63
5952,Student_5952,22,71
5953,Student_5953,22,60
5954,Student_5954,18,99
5955,Student_5955,25,62
5956,Student_5956,23,80
5957,Student_5957,21,83
5958,Student_5958,21,57
5959,Student_5959,22,57
5960,Student_5960,25,62
5961,Student_5961,20,74
5962,Student_5962,25,88
5963,Student_5963,22,81
5964,Student_5964,20,79
5965,Student_5965,20,94
5966,Student_5966,19,81
5967,Student_5967,21,80
5968,Student_5968,20,75
5969,Student_5969,25,53
5970,Student_5970,20,78
5971,Student_5971,19,67
5972,Student_5972,20,89
5973,Student_5973,19,61
5974,Student_5974,19,79
5975,Student_5975,23,62
5976,Student_5976,24,94
5977,Student_5977,23,62
5978,Student_5978,19,67
5979,Student_5979,22,78
5980,Student_5980,24,88
5981,Student_5981,24,100
5982,Student_5982,24,89
5983,Student_5983,23,76
5984,Student_5984,21,73
5985,Student_5985,20,79
5986,Student_5986,21,61
5987,Student_5987,20,91
5988,Student_5988,19,84
5989,Student_5989,18,61
5990,Student_5990,18,69
5991,Student_5991,20,67
5992,Student_5992,23,67
5993,Student_5993,25,67
5994,Student_5994,24,76
5995,Student_5995,22,98
5996,Student_5996,25,62
5997,Student_5997,24,87
5998,Student_5998,22,75
5999,Student_5999,24,86
6000,Student_6000,25,89
6001,Student_6001,18,83
6002,Student_6002,25,68
6003,Student_6003,20,69
6004,Student_6004,18,62
6005,Student_6005,20,60
6006,Student_6006,18,65
6007,Student_6007,24,94
6008,Student_6008,18,64
6009,Student_6009,18,70
6010,Student_6010,20,86
6011,Student_6011,24,81
6012,Student_6012,23,88
6013,Student_6013,25,100
6014,Student_6014,25,85
6015,Student_6015,18,95
6016,Student_6016,25,99
6017,Student_6017,19,100
6018,Student_6018,21,72
6019,Student_6019,23,93
6020,Student_6020,22,93
6021,Student_6021,24,90
6022,Student_6022,23,68
6023,Student_6023,18,54
6024,Student_6024,21,70
6025,Student_6025,20,85
6026,Student_6026,23,83
6027,Student_6027,20,100
6028,Student_6028,24,50
6029,Student_6029,25,72
6030,Student_6030,18,65
6031,Student_6031,18,93
6032,Student_6032,20,75
6033,Student_6033,22,85
6034,Student_6034,21,75
6035,Student_6035,25,92
6036,Student_6036,25,66
6037,Student_6037,19,67
6038,Student_6038,23,55
6039,Student_6039,23,85
6040,Student_6040,21,98
6041,Student_6041,23,79
6042,Student_6042,19,78
6043,Student_6043,23,96
6044,Student_6044,18,56
6045,Student_6045,24,85
6046,Student_6046,20,72
6047,Student_6047,21,74
6048,Student_6048,22,82
6049,Student_6049,24,92
6050,Student_6050,25,84
6051,Student_6051,21,61
6052,Student_6052,22,71
6053,Student_6053,19,51
6054,Student_6054,23,78
6055,Student_6055,20,65
6056,Student_6056,24,59
6057,Student_6057,18,93
6058,Student_6058,18,68
6059,Student_6059,19,93
6060,Student_6060,22,96
6061,Student_6061,22,67
6062,Student_6062,22,75
6063,Student_6063,21,61
6064,Student_6064,21,76
6065,Student_6065,19,71
6066,Student_6066,25,79
6067,Student_6067,21,50
6068,Student_6068,20,78
6069,Student_6069,21,97
6070,Student_6070,20,62
6071,Student_6071,22,65
6072,Student_6072,18,85
6073,Student_6073,23,69
6074,Student_6074,25,50
6075,Student_6075,23,50
6076,Student_6076,21,72
6077,Student_6077,18,96
6078,Student_6078,20,96
6079,Student_6079,19,70
6080,Student_6080,24,60
6081,Student_6081,22,94
6082,Student_6082,19,91
6083,Student_6083,22,82
6084,Student_6084,19,88
6085,Student_6085,25,87
6086,Student_6086,19,75
6087,Student_6087,22,54
6088,Student_6088,21,78
6089,Student_6089,24,91
6090,Student_6090,18,94
6091,Student_6091,25,83
6092,Student_6092,20,72
6093,Student_6093,22,59
6094,Student_6094,20,93
6095,Student_6095,21,53
6096,Student_6096,21,72
6097,Student_6097,25,51
6098,Student_6098,25,73
6099,Student_6099,19,94
6100,Student_6100,25,80
6101,Student_6101,18,67
6102,Student_6102,23,66
6103,Student_6103,22,74
6104,Student_6104,18,70
6105,Student_6105,20,51
6106,Student_6106,19,83
6107,Student_6107,22,68
6108,Student_6108,25,50
6109,Student_6109,20,75
6110,Student_6110,19,95
6111,Student_6111,22,55
6112,Student_6112,18,54
6113,Student_6113,23,56
6114,Student_6114,21,66
6115,Student_6115,21,51
6116,Student_6116,25,86
6117,Student_6117,18,70
6118,Student_6118,18,90
6119,Student_6119,22,66
6120,Student_6120,18,66
6121,Student_6121,23,67
6122,Student_6122,21,56
6123,Student_6123,18,98
6124,Student_6124,24,51
6125,Student_6125,22,82
6126,Student_6126,21,59
6127,Student_6127,18,69
6128,Student_6128,25,65
6129,Student_6129,25,85
6130,Student_6130,22,65
6131,Student_6131,19,66
6132,Student_6132,21,77
6133,Student_6133,20,85
6134,Student_6134,19,66
6135,Student_6135,21,84
6136,Student_6136,24,80
6137,Student_6137,23,89
6138,Student_6138,18,77
6139,Student_6139,18,88
6140,Student_6140,25,98
6141,Student_6141,18,94
6142,Student_6142,24,94
6143,Student_6143,23,55
6144,Student_6144,24,90
6145,Student_6145,20,87
6146,Student_6146,18,61
6147,Student_6147,25,99
6148,Student_6148,22,93
6149,Student_6149,18,60
6150,Student_6150,24,80
6151,Student_6151,25,69
6152,Student_6152,20,51
6153,Student_6153,24,77
6154,Student_6154,25,92
6155,Student_6155,18,59
6156,Student_6156,24,91
6157,Student_6157,19,50
6158,Student_6158,24,97
6159,Student_6159,18,78
6160,Student_6160,21,79
6161,Student_6161,24,95
6162,Student_6162,20,80
6163,Student_6163,24,65
6164,Student_6164,24,79
6165,Student_6165,18,51
6166,Student_6166,21,86
6167,Student_6167,24,76
6168,Student_6168,25,71
6169,Student_6169,19,95
6170,Student_6170,24,73
6171,Student_6171,24,95
6172,Student_6172,21,51
6173,Student_6173,20,71
6174,Student_6174,24,62
6175,Student_6175,21,76
6176,Student_6176,21,64
6177,Student_6177,20,80
6178,Student_6178,20,94
6179,Student_6179,25,52
6180,Student_6180,24,58
6181,Student_6181,24,72
6182,Student_6182,22,54
6183,Student_6183,21,60
6184,Student_6184,21,73
6185,Student_6185,20,74
6186,Student_6186,23,60
6187,Student_6187,20,86
6188,Student_6188,25,82
6189,Student_6189,19,76
6190,Student_6190,22,67
6191,Student_6191,21,99
6192,Student_6192,23,56
6193,Student_6193,22,68
6194,Student_6194,23,80
6195,Student_6195,22,51
6196,Student_6196,24,68
6197,Student_6197,21,77
6198,Student_6198,23,86
6199,Student_6199,25,74
6200,Student_6200,20,67
6201,Student_6201,23,70
6202,Student_6202,23,54
6203,Student_6203,24,82
6204,Student_6204,25,51
6205,Student_6205,19,59
6206,Student_6206,23,70
6207,Student_6207,21,60
6208,Student_6208,23,69
6209,Student_6209,18,50
6210,Student_6210,20,73
6211,Student_6211,20,80
6212,Student_6212,19,73
6213,Student_6213,20,50
6214,Student_6214,25,62
6215,Student_6215,21,60
6216,Student_6216,24,73
6217,Student_6217,22,74
6218,Student_6218,19,94
6219,Student_6219,19,60
6220,Student_6220,18,62
6221,Student_6221,23,52
6222,Student_6222,21,57
6223,Student_6223,23,57
6224,Student_6224,19,83
6225,Student_6225,21,74
6226,Student_6226,19,69
6227,Student_6227,21,83
6228,Student_6228,25,74
6229,Student_6229,21,95
6230,Student_6230,18,73
6231,Student_6231,22,85
6232,Student_6232,24,68
6233,Student_6233,20,56
6234,Student_6234,24,97
6235,Student_6235,25,51
6236,Student_6236,21,52
6237,Student_6237,18,62
6238,Student_6238,22,89
6239,Student_6239,24,88
6240,Student_6240,18,83
6241,Student_6241,20,96
6242,Student_6242,23,91
6243,Student_6243,23,68
6244,Student_6244,25,56
6245,Student_6245,20,68
6246,Student_6246,25,88
6247,Student_6247,23,58
6248,Student_6248,22,99
6249,Student_6249,24,63
6250,Student_6250,22,77
6251,Student_6251,21,67
6252,Student_6252,25,82
6253,Student_6253,23,53
6254,Student_6254,20,98
6255,Student_6255,22,56
6256,Student_6256,24,62
6257,Student_6257,25,63
6258,Student_6258,23,55
6259,Student_6259,24,68
6260,Student_6260,23,67
6261,Student_6261,24,88
6262,Student_6262,22,84
6263,Student_6263,19,88
6264,Student_6264,22,91
6265,Student_6265,23,51
6266,Student_6266,22,89
6267,Student_6267,18,68
6268,Student_6268,22,95
6269,Student_6269,23,94
6270,Student_6270,18,51
6271,Student_6271,24,56
6272,Student_6272,23,87
6273,Student_6273,23,69
6274,Student_6274,22,58
6275,Student_6275,21,68
6276,Student_6276,25,58
6277,Student_6277,22,70
6278,Student_6278,18,51
6279,Student_6279,23,77
6280,Student_6280,24,57
6281,Student_6281,21,79
6282,Student_6282,22,63
6283,Student_6283,21,64
6284,Student_6284,23,74
6285,Student_6285,25,59
6286,Student_6286,24,91
6287,Student_6287,21,77
6288,Student_6288,21,96
6289,Student_6289,18,51
6290,Student_6290,22,67
6291,Student_6291,20,78
6292,Student_6292,24,54
6293,Student_6293,25,63
6294,Student_6294,18,61
6295,Student_6295,22,52
6296,Student_6296,22,56
6297,Student_6297,19,72
6298,Student_6298,19,95
6299,Student_6299,20,98
6300,Student_6300,25,60
6301,Student_6301,18,72
6302,Student_6302,19,84
6303,Student_6303,24,76
6304,Student_6304,20,74
6305,Student_6305,24,69
6306,Student_6306,22,70
6307,Student_6307,25,52
6308,Student_6308,19,70
6309,Student_6309,19,59
6310,Student_6310,23,81
6311,Student_6311,24,98
6312,Student_6312,18,55
6313,Student_6313,21,59
6314,Student_6314,23,94
6315,Student_6315,22,76
6316,Student_6316,24,69
6317,Student_6317,20,67
6318,Student_6318,19,65
6319,Student_6319,18,84
6320,Student_6320,19,91
6321,Student_6321,19,61
6322,Student_6322,23,100
6323,Student_6323,18,83
6324,Student_6324,19,50
6325,Student_6325,24,99
6326,Student_6326,22,79
6327,Student_6327,19,76
6328,Student_6328,25,88
6329,Student_6329,19,84
6330,Student_6330,21,85
6331,Student_6331,19,100
6332,Student_6332,21,73
6333,Student_6333,21,68
6334,Student_6334,21,57
6335,Student_6335,22,86
6336,Student_6336,19,62
6337,Student_6337,22,94
6338,Student_6338,19,94
6339,Student_6339,22,98
6340,Student_6340,23,98
6341,Student_6341,19,53
6342,Student_6342,19,93
6343,Student_6343,23,100
6344,Student_6344,22,85
6345,Student_6345,20,51
6346,Student_6346,21,65
6347,Student_6347,24,62
6348,Student_6348,22,78
6349,Student_6349,24,62
6350,Student_6350,24,80
6351,Student_6351,20,90
6352,Student_6352,23,56
6353,Student_6353,19,56
6354,Student_6354,25,53
6355,Student_6355,21,98
6356,Student_6356,20,90
6357,Student_6357,20,59
6358,Student_6358,25,93
6359,Student_6359,21,68
6360,Student_6360,19,53
6361,Student_6361,18,75
6362,Student_6362,21,53
6363,Student_6363,18,96
6364,Student_6364,21,61
6365,Student_6365,18,86
6366,Student_6366,24,88
6367,Student_6367,22,57
6368,Student_6368,18,51
6369,Student_6369,23,63
6370,Student_6370,24,54
6371,Student_6371,23,86
6372,Student_6372,23,64
6373,Student_6373,25,53
6374,Student_6374,22,85
6375,Student_6375,24,72
6376,Student_6376,22,53
6377,Student_6377,23,70
6378,Student_6378,23,63
6379,Student_6379,21,71
6380,Student_6380,25,76
6381,Student_6381,21,67
6382,Student_6382,24,78
6383,Student_6383,24,93
6384,Student_6384,21,90
6385,Student_6385,19,99
6386,Student_6386,21,95
6387,Student_6387,22,73
6388,Student_6388,18,88
6389,Student_6389,24,94
6390,Student_6390,23,95
6391,Student_6391,21,65
6392,Student_6392,23,78
6393,Student_6393,23,93
6394,Student_6394,22,94
6395,Student_6395,21,59
6396,Student_6396,25,50
6397,Student_6397,22,81
6398,Student_6398,25,71
6399,Student_6399,21,84
6400,Student_6400,25,74
6401,Student_6401,22,99
6402,Student_6402,20,58
6403,Student_6403,23,69
6404,Student_6404,23,74
6405,Student_6405,25,97
6406,Student_6406,23,68
6407,Student_6407,24,52
6408,Student_6408,25,78
6409,Student_6409,18,68
6410,Student_6410,23,66
6411,Student_6411,22,60
6412,Student_6412,25,64
6413,Student_6413,20,54
6414,Student_6414,19,69
6415,Student_6415,21,68
6416,Student_6416,20,96
6417,Student_6417,22,90
6418,Student_6418,25,69
6419,Student_6419,20,69
6420,Student_6420,22,75
6421,Student_6421,22,88
6422,Student_6422,20,65
6423,Student_6423,22,95
6424,Student_6424,22,76
6425,Student_6425,18,86
6426,Student_6426,18,58
6427,Student_6427,23,93
6428,Student_6428,23,66
6429,Student_6429,18,99
6430,Student_6430,19,70
6431,Student_6431,22,81
6432,Student_6432,19,51
6433,Student_6433,22,83
6434,Student_6434,22,99
6435,Student_6435,24,96
6436,Student_6436,22,64
6437,Student_6437,22,80
6438,Student_6438,25,99
6439,Student_6439,18,52
6440,Student_6440,19,100
6441,Student_6441,24,87
6442,Student_6442,18,65
6443,Student_6443,21,89
6444,Student_6444,21,88
6445,Student_6445,23,70
6446,Student_6446,22,69
6447,Student_6447,23,62
6448,Student_6448,19,99
6449,Student_6449,24,59
6450,Student_6450,21,93
6451,Student_6451,20,51
6452,Student_6452,20,92
6453,Student_6453,18,73
6454,Student_6454,22,53
6455,Student_6455,18,84
6456,Student_6456,20,65
6457,Student_6457,20,68
6458,Student_6458,20,89
6459,Student_6459,21,75
6460,Student_6460,20,62
6461,Student_6461,18,86
6462,Student_6462,18,60
6463,Student_6463,19,100
6464,Student_6464,25,60
6465,Student_6465,18,69
6466,Student_6466,25,56
6467,Student_6467,22,89
6468,Student_6468,22,90
6469,Student_6469,18,63
6470,Student_6470,24,59
6471,Student_6471,19,82
6472,Student_6472,20,95
6473,Student_6473,19,55
6474,Student_6474,18,88
6475,Student_6475,23,56
6476,Student_6476,24,74
6477,Student_6477,18,57
6478,Student_6478,23,82
6479,Student_6479,24,53
6480,Student_6480,24,80
6481,Student_6481,18,67
6482,Student_6482,21,56
6483,Student_6483,19,77
6484,Student_6484,25,61
6485,Student_6485,25,92
6486,Student_6486,19,78
6487,Student_6487,19,79
6488,Student_6488,21,85
6489,Student_6489,20,73
6490,Student_6490,19,90
6491,Student_6491,21,67
6492,Student_6492,20,74
6493,Student_6493,25,51
6494,Student_6494,21,78
6495,Student_6495,20,67
6496,Student_6496,20,66
6497,Student_6497,24,61
6498,Student_6498,19,78
6499,Student_6499,23,99
6500,Student_6500,23,76
6501,Student_6501,21,55
6502,Student_6502,18,86
6503,Student_6503,21,61
6504,Student_6504,18,95
6505,Student_6505,25,78
6506,Student_6506,23,58
6507,Student_6507,23,77
6508,Student_6508,23,73
6509,Student_6509,18,75
6510,Student_6510,19,56
6511,Student_6511,22,77
6512,Student_6512,22,58
6513,Student_6513,25,78
6514,Student_6514,25,57
6515,Student_6515,19,60
6516,Student_6516,23,69
6517,Student_6517,21,95
6518,Student_6518,24,87
6519,Student_6519,24,73
6520,Student_6520,18,52
6521,Student_6521,18,67
6522,Student_6522,23,82
6523,Student_6523,18,89
6524,Student_6524,18,98
6525,Student_6525,24,82
6526,Student_6526,24,89
6527,Student_6527,23,98
6528,Student_6528,24,64
6529,Student_6529,25,80
6530,Student_6530,25,92
6531,Student_6531,22,70
6532,Student_6532,23,58
6533,Student_6533,24,54
6534,Student_6534,25,96
6535,Student_6535,24,98
6536,Student_6536,22,70
6537,Student_6537,25,51
6538,Student_6538,19,66
6539,Student_6539,19,100
6540,Student_6540,20,84
6541,Student_6541,18,66
6542,Student_6542,23,100
6543,Student_6543,18,92
6544,Student_6544,24,57
6545,Student_6545,23,59
6546,Student_6546,18,92
6547,Student_6547,18,56
6548,Student_6548,24,83
6549,Student_6549,23,67
6550,Student_6550,18,83
6551,Student_6551,21,72
6552,Student_6552,23,53
6553,Student_6553,25,98
6554,Student_6554,22,58
6555,Student_6555,21,71
6556,Student_6556,19,60
6557,Student_6557,25,62
6558,Student_6558,20,72
6559,Student_6559,23,74
6560,Student_6560,22,62
6561,Student_6561,22,50
6562,Student_6562,18,94
6563,Student_6563,19,52
6564,Student_6564,20,74
6565,Student_6565,19,66
6566,Student_6566,22,72
6567,Student_6567,18,100
6568,Student_6568,18,57
6569,Student_6569,25,80
6570,Student_6570,22,97
6571,Student_6571,21,74
6572,Student_6572,21,77
6573,Student_6573,20,64
6574,Student_6574,25,66
6575,Student_6575,25,57
6576,Student_6576,25,59
6577,Student_6577,20,60
6578,Student_6578,22,59
6579,Student_6579,20,80
6580,Student_6580,23,83
6581,Student_6581,18,61
6582,Student_6582,23,51
6583,Student_6583,24,90
6584,Student_6584,21,70
6585,Student_6585,22,67
6586,Student_6586,22,100
6587,Student_6587,22,65
6588,Student_6588,20,73
6589,Student_6589,19,50
6590,Student_6590,24,53
6591,Student_6591,22,69
6592,Student_6592,22,71
6593,Student_6593,23,93
6594,Student_6594,25,58
6595,Student_6595,23,81
6596,Student_6596,18,81
6597,Student_6597,21,99
6598,Student_6598,25,86
6599,Student_6599,24,60
6600,Student_6600,24,88
6601,Student_6601,24,83
6602,Student_6602,20,53
6603,Student_6603,24,92
6604,Student_6604,22,58
6605,Student_6605,20,62
6606,Student_6606,23,60
6607,Student_6607,22,93
6608,Student_6608,24,69
6609,Student_6609,18,75
6610,Student_6610,24,92
6611,Student_6611,21,99
6612,Student_6612,19,89
6613,Student_6613,21,56
6614,Student_6614,19,54
6615,Student_6615,18,52
6616,Student_6616,18,60
6617,Student_6617,18,56
6618,Student_6618,21,64
6619,Student_6619,21,77
6620,Student_6620,24,55
6621,Student_6621,23,78
6622,Student_6622,24,87
6623,Student_6623,19,63
6624,Student_6624,20,95
6625,Student_6625,21,67
6626,Student_6626,20,57
6627,Student_6627,21,88
6628,Student_6628,23,90
6629,Student_6629,24,95
6630,Student_6630,23,50
6631,Student_6631,20,88
6632,Student_6632,23,88
6633,Student_6633,18,64
6634,Student_6634,21,73
6635,Student_6635,21,50
6636,Student_6636,20,92
6637,Student_6637,20,64
6638,Student_6638,19,57
6639,Student_6639,22,95
6640,Student_6640,20,80
6641,Student_6641,19,77
6642,Student_6642,25,69
6643,Student_6643,23,100
6644,Student_6644,19,63
6645,Student_6645,24,67
6646,Student_6646,21,97
6647,Student_6647,21,52
6648,Student_6648,19,72
6649,Student_6649,25,54
6650,Student_6650,21,86
6651,Student_6651,23,82
6652,Student_6652,25,50
6653,Student_6653,19,60
6654,Student_6654,23,90
6655,Student_6655,21,57
6656,Student_6656,21,87
6657,Student_6657,18,65
6658,Student_6658,23,52
6659,Student_6659,21,97
6660,Student_6660,25,72
6661,Student_6661,25,69
6662,Student_6662,23,51
6663,Student_6663,22,78
6664,Student_6664,21,96
6665,Student_6665,18,87
6666,Student_6666,21,93
6667,Student_6667,18,70
6668,Student_6668,22,73
6669,Student_6669,23,55
6670,Student_6670,22,82
6671,Student_6671,22,68
6672,Student_6672,20,53
6673,Student_6673,24,80
6674,Student_6674,24,87
6675,Student_6675,23,76
6676,Student_6676,20,50
6677,Student_6677,19,72
6678,Student_6678,22,85
6679,Student_6679,21,60
6680,Student_6680,20,93
6681,Student_6681,23,99
6682,Student_6682,25,86
6683,Student_6683,24,71
6684,Student_6684,21,71
6685,Student_6685,23,51
6686,Student_6686,24,80
6687,Student_6687,18,54
6688,Student_6688,22,65
6689,Student_6689,18,77
6690,Student_6690,19,99
6691,Student_6691,25,52
6692,Student_6692,18,66
6693,Student_6693,20,77
6694,Student_6694,22,60
6695,Student_6695,25,69
6696,Student_6696,24,88
6697,Student_6697,21,97
6698,Student_6698,23,78
6699,Student_6699,23,100
6700,Student_6700,19,96
6701,Student_6701,18,84
6702,Student_6702,23,73
6703,Student_6703,22,75
6704,Student_6704,25,100
6705,Student_6705,23,91
6706,Student_6706,21,85
6707,Student_6707,23,80
6708,Student_6708,24,66
6709,Student_6709,24,89
6710,Student_6710,19,100
6711,Student_6711,18,65
6712,Student_6712,22,70
6713,Student_6713,23,67
6714,Student_6714,23,93
6715,Student_6715,21,62
6716,Student_6716,24,86
6717,Student_6717,25,59
6718,Student_6718,22,97
6719,Student_6719,19,84
6720,Student_6720,21,92
6721,Student_6721,25,56
6722,Student_6722,22,80
6723,Student_6723,19,54
6724,Student_6724,18,99
6725,Student_6725,18,55
6726,Student_6726,21,69
6727,Student_6727,18,75
6728,Student_6728,21,97
6729,Student_6729,25,95
6730,Student_6730,22,50
6731,Student_6731,18,99
6732,Student_6732,21,68
6733,Student_6733,20,80
6734,Student_6734,19,82
6735,Student_6735,24,94
6736,Student_6736,21,100
6737,Student_6737,19,100
6738,Student_6738,22,64
6739,Student_6739,20,94
6740,Student_6740,19,98
6741,Student_6741,18,80
6742,Student_6742,25,85
6743,Student_6743,23,57
6744,Student_6744,25,54
6745,Student_6745,19,88
6746,Student_6746,25,70
6747,Student_6747,18,87
6748,Student_6748,25,92
6749,Student_6749,20,79
6750,Student_6750,19,59
6751,Student_6751,18,87
6752,Student_6752,23,71
6753,Student_6753,22,90
6754,Student_6754,19,81
6755,Student_6755,20,69
6756,Student_6756,19,67
6757,Student_6757,23,53
6758,Student_6758,22,91
6759,Student_6759,25,56
6760,Student_6760,20,100
6761,Student_6761,21,50
6762,Student_6762,23,64
6763,Student_6763,22,56
6764,Student_6764,21,96
6765,Student_6765,21,84
6766,Student_6766,25,67
6767,Student_6767,24,60
6768,Student_6768,24,68
6769,Student_6769,24,68
6770,Student_6770,25,71
6771,Student_6771,18,61
6772,Student_6772,24,89
6773,Student_6773,18,90
6774,Student_6774,22,51
6775,Student_6775,25,100
6776,Student_6776,18,54
6777,Student_6777,21,80
6778,Student_6778,19,68
6779,Student_6779,24,52
6780,Student_6780,18,61
6781,Student_6781,24,73
6782,Student_6782,24,52
6783,Student_6783,19,80
6784,Student_6784,19,84
6785,Student_6785,23,83
6786,Student_6786,25,57
6787,Student_6787,21,98
6788,Student_6788,24,93
6789,Student_6789,20,99
6790,Student_6790,24,88
6791,Student_6791,22,63
6792,Student_6792,18,76
6793,Student_6793,22,92
6794,Student_6794,25,94
6795,Student_6795,25,63
6796,Student_6796,23,99
6797,Student_6797,19,64
6798,Student_6798,19,61
6799,Student_6799,19,79
6800,Student_6800,18,94
6801,Student_6801,20,50
6802,Student_6802,23,72
6803,Student_6803,24,93
6804,Student_6804,24,57
6805,Student_6805,24,58
6806,Student_6806,25,77
6807,Student_6807,19,52
6808,Student_6808,21,91
6809,Student_6809,22,85
6810,Student_6810,23,62
6811,Student_6811,19,50
6812,Student_6812,19,86
6813,Student_6813,25,100
6814,Student_6814,21,71
6815,Student_6815,22,88
6816,Student_6816,25,94
6817,Student_6817,19,88
6818,Student_6818,24,55
6819,Student_6819,18,91
6820,Student_6820,23,66
6821,Student_6821,22,86
6822,Student_6822,21,73
6823,Student_6823,22,85
6824,Student_6824,20,57
6825,Student_6825,25,59
6826,Student_6826,24,53
6827,Student_6827,18,81
6828,Student_6828,23,84
6829,Student_6829,18,72
6830,Student_6830,22,67
6831,Student_6831,18,55
6832,Student_6832,23,53
6833,Student_6833,18,77
6834,Student_6834,22,59
6835,Student_6835,24,52
6836,Student_6836,21,80
6837,Student_6837,20,85
6838,Student_6838,20,97
6839,Student_6839,25,95
6840,Student_6840,20,63
6841,Student_6841,23,81
6842,Student_6842,18,56
6843,Student_6843,25,91
6844,Student_6844,22,60
6845,Student_6845,23,56
6846,Student_6846,20,62
6847,Student_6847,24,59
6848,Student_6848,23,66
6849,Student_6849,21,59
6850,Student_6850,20,72
6851,Student_6851,24,87
6852,Student_6852,22,76
6853,Student_6853,21,98
6854,Student_6854,18,65
6855,Student_6855,19,82
6856,Student_6856,20,54
6857,Student_6857,23,70
6858,Student_6858,19,75
6859,Student_6859,18,68
6860,Student_6860,21,59
6861,Student_6861,22,66
6862,Student_6862,25,56
6863,Student_6863,18,73
6864,Student_6864,20,100
6865,Student_6865,23,81
6866,Student_6866,20,89
6867,Student_6867,18,88
6868,Student_6868,20,61
6869,Student_6869,24,96
6870,Student_6870,24,90
6871,Student_6871,19,65
6872,Student_6872,25,51
6873,Student_6873,21,85
6874,Student_6874,23,70
6875,Student_6875,20,53
6876,Student_6876,24,84
6877,Student_6877,19,74
6878,Student_6878,19,67
6879,Student_6879,25,62
6880,Student_6880,25,84
6881,Student_6881,23,82
6882,Student_6882,24,91
6883,Student_6883,18,52
6884,Student_6884,23,97
6885,Student_6885,20,86
6886,Student_6886,23,65
6887,Student_6887,21,53
6888,Student_6888,19,53
6889,Student_6889,23,90
6890,Student_6890,25,86
6891,Student_6891,21,90
6892,Student_6892,19,67
6893,Student_6893,25,98
6894,Student_6894,25,99
6895,Student_6895,23,99
6896,Student_6896,18,63
6897,Student_6897,20,64
6898,Student_6898,18,65
6899,Student_6899,22,92
6900,Student_6900,23,61
6901,Student_6901,25,95
6902,Student_6902,23,51
6903,Student_6903,23,99
6904,Student_6904,20,83
6905,Student_6905,21,82
6906,Student_6906,23,80
6907,Student_6907,18,86
6908,Student_6908,21,80
6909,Student_6909,23,90
6910,Student_6910,21,100
6911,Student_6911,25,100
6912,Student_6912,20,89
6913,Student_6913,22,68
6914,Student_6914,21,84
6915,Student_6915,21,87
6916,Student_6916,25,96
6917,Student_6917,25,59
6918,Student_6918,19,99
6919,Student_6919,24,62
6920,Student_6920,21,77
6921,Student_6921,20,78
6922,Student_6922,20,64
6923,Student_6923,25,52
6924,Student_6924,20,55
6925,Student_6925,18,54
6926,Student_6926,19,67
6927,Student_6927,19,100
6928,Student_6928,18,88
6929,Student_6929,23,55
6930,Student_6930,23,73
6931,Student_6931,23,56
6932,Student_6932,18,78
6933,Student_6933,19,100
6934,Student_6934,25,64
6935,Student_6935,22,96
6936,Student_6936,23,58
6937,Student_6937,20,84
6938,Student_6938,19,73
6939,Student_6939,18,63
6940,Student_6940,22,88
6941,Student_6941,25,57
6942,Student_6942,23,82
6943,Student_6943,20,73
6944,Student_6944,18,69
6945,Student_6945,19,72
6946,Student_6946,24,69
6947,Student_6947,20,64
6948,Student_6948,21,85
6949,Student_6949,23,78
6950,Student_6950,18,88
6951,Student_6951,22,83
6952,Student_6952,22,69
6953,Student_6953,18,69
6954,Student_6954,22,91
6955,Student_6955,24,83
6956,Student_6956,22,86
6957,Student_6957,22,91
6958,Student_6958,22,55
6959,Student_6959,19,89
6960,Student_6960,22,89
6961,Student_6961,24,55
6962,Student_6962,21,78
6963,Student_6963,20,71
6964,Student_6964,20,60
6965,Student_6965,23,62
6966,Student_6966,22,92
6967,Student_6967,19,79
6968,Student_6968,25,83
6969,Student_6969,18,73
6970,Student_6970,20,92
6971,Student_6971,25,57
6972,Student_6972,25,59
6973,Student_6973,18,95
6974,Student_6974,20,84
6975,Student_6975,21,76
6976,Student_6976,25,71
6977,Student_6977,18,80
6978,Student_6978,21,56
6979,Student_6979,24,73
6980,Student_6980,20,50
6981,Student_6981,24,92
6982,Student_6982,25,53
6983,Student_6983,25,80
6984,Student_6984,18,65
6985,Student_6985,23,61
6986,Student_6986,24,73
6987,Student_6987,21,91
6988,Student_6988,22,89
6989,Student_6989,25,64
6990,Student_6990,21,97
6991,Student_6991,18,97
6992,Student_6992,18,87
6993,Student_6993,18,54
6994,Student_6994,23,93
6995,Student_6995,19,94
6996,Student_6996,18,84
6997,Student_6997,18,77
6998,Student_6998,20,58
6999,Student_6999,22,80
7000,Student_7000,20,97
7001,Student_7001,19,99
7002,Student_7002,25,81
7003,Student_7003,21,92
7004,Student_7004,22,65
7005,Student_7005,21,94
7006,Student_7006,22,74
7007,Student_7007,20,74
7008,Student_7008,22,93
7009,Student_7009,21,62
7010,Student_7010,23,51
7011,Student_7011,22,81
7012,Student_7012,18,95
7013,Student_7013,20,81
7014,Student_7014,24,65
7015,Student_7015,18,92
7016,Student_7016,21,84
7017,Student_7017,22,76
7018,Student_7018,20,53
7019,Student_7019,25,56
7020,Student_7020,24,68
7021,Student_7021,19,71
7022,Student_7022,20,59
7023,Student_7023,22,98
7024,Student_7024,19,92
7025,Student_7025,18,82
7026,Student_7026,20,51
7027,Student_7027,20,71
7028,Student_7028,22,70
7029,Student_7029,24,62
7030,Student_7030,24,71
7031,Student_7031,22,55
7032,Student_7032,24,88
7033,Student_7033,23,99
7034,Student_7034,20,66
7035,Student_7035,25,73
7036,Student_7036,22,72
7037,Student_7037,18,95
7038,Student_7038,25,70
7039,Student_7039,22,84
7040,Student_7040,20,82
7041,Student_7041,19,68
7042,Student_7042,25,81
7043,Student_7043,22,93
7044,Student_7044,25,85
7045,Student_7045,21,50
7046,Student_7046,23,79
7047,Student_7047,23,95
7048,Student_7048,22,98
7049,Student_7049,19,88
7050,Student_7050,25,63
7051,Student_7051,25,64
7052,Student_7052,18,58
7053,Student_7053,25,66
7054,Student_7054,18,56
7055,Student_7055,20,64
7056,Student_7056,25,80
7057,Student_7057,20,50
7058,Student_7058,22,57
7059,Student_7059,23,85
7060,Student_7060,21,50
7061,Student_7061,22,52
7062,Student_7062,20,69
7063,Student_7063,24,91
7064,Student_7064,22,78
7065,Student_7065,23,63
7066,Student_7066,21,74
7067,Student_7067,21,69
7068,Student_7068,18,64
7069,Student_7069,23,64
7070,Student_7070,24,52
7071,Student_7071,24,73
7072,Student_7072,18,65
7073,Student_7073,23,74
7074,Student_7074,19,70
7075,Student_7075,23,91
7076,Student_7076,21,99
7077,Student_7077,23,99
7078,Student_7078,20,55
7079,Student_7079,24,54
7080,Student_7080,25,95
7081,Student_7081,23,67
7082,Student_7082,21,87
7083,Student_7083,23,54
7084,Student_7084,19,89
7085,Student_7085,18,87
7086,Student_7086,24,50
7087,Student_7087,19,93
7088,Student_7088,19,62
7089,Student_7089,24,57
7090,Student_7090,23,100
7091,Student_7091,23,68
7092,Student_7092,23,78
7093,Student_7093,21,99
7094,Student_7094,21,91
7095,Student_7095,24,91
7096,Student_7096,18,60
7097,Student_7097,22,86
7098,Student_7098,25,63
7099,Student_7099,23,79
7100,Student_7100,19,83
7101,Student_7101,23,82
7102,Student_7102,19,96
7103,Student_7103,19,55
7104,Student_7104,20,96
7105,Student_7105,18,60
7106,Student_7106,18,89
7107,Student_7107,19,62
7108,Student_7108,22,55
7109,Student_7109,22,92
7110,Student_7110,18,93
7111,Student_7111,25,88
7112,Student_7112,20,61
7113,Student_7113,19,98
7114,Student_7114,18,86
7115,Student_7115,22,75
7116,Student_7116,24,76
7117,Student_7117,18,92
7118,Student_7118,21,100
7119,Student_7119,22,65
7120,Student_7120,23,76
7121,Student_7121,22,64
7122,Student_7122,23,82
7123,Student_7123,19,79
7124,Student_7124,24,58
7125,Student_7125,22,71
7126,Student_7126,25,51
7127,Student_7127,22,51
7128,Student_7128,22,100
7129,Student_7129,20,84
7130,Student_7130,23,65
7131,Student_7131,23,75
7132,Student_7132,24,69
7133,Student_7133,19,72
7134,Student_7134,21,54
7135,Student_7135,24,64
7136,Student_7136,21,90
7137,Student_7137,20,79
7138,Student_7138,21,60
7139,Student_7139,24,71
7140,Student_7140,23,98
7141,Student_7141,25,65
7142,Student_7142,20,94
7143,Student_7143,20,91
7144,Student_7144,19,75
7145,Student_7145,20,54
7146,Student_7146,18,67
7147,Student_7147,20,52
7148,Student_7148,24,96
7149,Student_7149,24,97
7150,Student_7150,23,90
7151,Student_7151,19,85
7152,Student_7152,24,75
7153,Student_7153,25,66
7154,Student_7154,20,97
7155,Student_7155,21,50
7156,Student_7156,22,82
7157,Student_7157,20,80
7158,Student_7158,22,67
7159,Student_7159,24,85
7160,Student_7160,22,86
7161,Student_7161,20,100
7162,Student_7162,24,81
7163,Student_7163,24,97
7164,Student_7164,21,85
7165,Student_7165,18,60
7166,Student_7166,25,83
7167,Student_7167,25,63
7168,Student_7168,19,84
7169,Student_7169,25,53
7170,Student_7170,25,81
7171,Student_7171,24,98
7172,Student_7172,25,65
7173,Student_7173,25,96
7174,Student_7174,18,98
7175,Student_7175,18,79
7176,Student_7176,25,93
7177,Student_7177,19,95
7178,Student_7178,23,73
7179,Student_7179,22,85
7180,Student_7180,23,89
7181,Student_7181,22,99
7182,Student_7182,21,67
7183,Student_7183,18,71
7184,Student_7184,23,87
7185,Student_7185,22,69
7186,Student_7186,21,93
7187,Student_7187,23,81
7188,Student_7188,22,97
7189,Student_7189,20,90
7190,Student_7190,19,88
7191,Student_7191,19,64
7192,Student_7192,18,80
7193,Student_7193,18,58
7194,Student_7194,20,77
7195,Student_7195,22,62
7196,Student_7196,20,91
7197,Student_7197,18,82
7198,Student_7198,20,81
7199,Student_7199,21,80
7200,Student_7200,25,79
7201,Student_7201,25,54
7202,Student_7202,25,76
7203,Student_7203,22,54
7204,Student_7204,22,67
7205,Student_7205,24,51
7206,Student_7206,21,73
7207,Student_7207,23,50
7208,Student_7208,19,91
7209,Student_7209,22,79
7210,Student_7210,24,76
7211,Student_7211,19,74
7212,Student_7212,20,50
7213,Student_7213,22,74
7214,Student_7214,24,90
7215,Student_7215,21,68
7216,Student_7216,25,94
7217,Student_7217,18,69
7218,Student_7218,18,97
7219,Student_7219,22,97
7220,Student_7220,18,53
7221,Student_7221,23,73
7222,Student_7222,21,52
7223,Student_7223,20,51
7224,Student_7224,22,83
7225,Student_7225,25,60
7226,Student_7226,19,89
7227,Student_7227,24,56
7228,Student_7228,18,71
7229,Student_7229,22,63
7230,Student_7230,23,98
7231,Student_7231,19,78
7232,Student_7232,24,65
7233,Student_7233,25,75
7234,Student_7234,21,51
7235,Student_7235,25,91
7236,Student_7236,25,79
7237,Student_7237,21,81
7238,Student_7238,19,89
7239,Student_7239,22,74
7240,Student_7240,24,62
7241,Student_7241,24,78
7242,Student_7242,22,70
7243,Student_7243,20,71
7244,Student_7244,25,79
7245,Student_7245,25,59
7246,Student_7246,21,77
7247,Student_7247,18,82
7248,Student_7248,19,68
7249,Student_7249,18,95
7250,Student_7250,19,70
7251,Student_7251,21,75
7252,Student_7252,24,89
7253,Student_7253,20,66
7254,Student_7254,22,88
7255,Student_7255,24,99
7256,Student_7256,19,71
7257,Student_7257,20,94
7258,Student_7258,23,90
7259,Student_7259,23,58
7260,Student_7260,19,75
7261,Student_7261,18,57
7262,Student_7262,25,62
7263,Student_7263,18,99
7264,Student_7264,23,96
7265,Student_7265,24,61
7266,Student_7266,18,61
7267,Student_7267,20,83
7268,Student_7268,24,50
7269,Student_7269,25,78
7270,Student_7270,21,84
7271,Student_7271,22,96
7272,Student_7272,19,58
7273,Student_7273,21,97
7274,Student_7274,23,65
7275,Student_7275,18,80
7276,Student_7276,23,86
7277,Student_7277,25,67
7278,Student_7278,22,93
7279,Student_7279,18,93
7280,Student_7280,25,64
7281,Student_7281,25,71
7282,Student_7282,22,68
7283,Student_7283,24,78
7284,Student_7284,20,63
7285,Student_7285,22,71
7286,Student_7286,21,96
7287,Student_7287,20,95
7288,Student_7288,21,55
7289,Student_7289,23,58
7290,Student_7290,24,66
7291,Student_7291,18,91
7292,Student_7292,18,66
7293,Student_7293,20,83
7294,Student_7294,21,52
7295,Student_7295,18,60
7296,Student_7296,23,58
7297,Student_7297,21,99
7298,Student_7298,18,80
7299,Student_7299,24,75
7300,Student_7300,20,73
7301,Student_7301,18,82
7302,Student_7302,24,78
7303,Student_7303,24,69
7304,Student_7304,19,55
7305,Student_7305,25,61
7306,Student_7306,19,75
7307,Student_7307,23,74
7308,Student_7308,21,89
7309,Student_7309,18,85
7310,Student_7310,18,60
7311,Student_7311,22,65
7312,Student_7312,19,97
7313,Student_7313,25,72
7314,Student_7314,18,53
7315,Student_7315,22,58
7316,Student_7316,23,95
7317,Student_7317,24,78
7318,Student_7318,25,50
7319,Student_7319,23,79
7320,Student_7320,18,59
7321,Student_7321,19,57
7322,Student_7322,21,81
7323,Student_7323,24,85
7324,Student_7324,23,90
7325,Student_7325,25,90
7326,Student_7326,19,96
7327,Student_7327,22,67
7328,Student_7328,23,97
7329,Student_7329,25,65
7330,Student_7330,23,70
7331,Student_7331,25,50
7332,Student_7332,19,56
7333,Student_7333,25,56
7334,Student_7334,19,54
7335,Student_7335,25,50
7336,Student_7336,23,71
7337,Student_7337,21,72
7338,Student_7338,24,96
7339,Student_7339,20,74
7340,Student_7340,18,93
7341,Student_7341,20,59
7342,Student_7342,20,92
7343,Student_7343,18,94
7344,Student_7344,20,65
7345,Student_7345,24,56
7346,Student_7346,19,97
7347,Student_7347,22,67
7348,Student_7348,19,93
7349,Student_7349,19,83
7350,Student_7350,25,61
7351,Student_7351,20,55
7352,Student_7352,21,95
7353,Student_7353,24,94
7354,Student_7354,18,86
7355,Student_7355,23,70
7356,Student_7356,20,55
7357,Student_7357,24,57
7358,Student_7358,20,57
7359,Student_7359,19,62
7360,Student_7360,25,59
7361,Student_7361,20,87
7362,Student_7362,23,62
7363,Student_7363,22,51
7364,Student_7364,25,60
7365,Student_7365,19,65
7366,Student_7366,23,62
7367,Student_7367,20,58
7368,Student_7368,19,62
7369,Student_7369,21,81
7370,Student_7370,19,85
7371,Student_7371,25,70
7372,Student_7372,20,90
7373,Student_7373,25,69
7374,Student_7374,24,66
7375,Student_7375,21,55
7376,Student_7376,25,63
7377,Student_7377,21,88
7378,Student_7378,19,58
7379,Student_7379,24,90
7380,Student_7380,25,80
7381,Student_7381,22,52
7382,Student_7382,22,86
7383,Student_7383,25,80
7384,Student_7384,23,60
7385,Student_7385,20,57
7386,Student_7386,19,67
7387,Student_7387,20,97
7388,Student_7388,24,88
7389,Student_7389,24,65
7390,Student_7390,22,70
7391,Student_7391,20,75
7392,Student_7392,24,52
7393,Student_7393,24,88
7394,Student_7394,21,65
7395,Student_7395,21,78
7396,Student_7396,25,65
7397,Student_7397,24,89
7398,Student_7398,18,65
7399,Student_7399,20,70
7400,Student_7400,19,73
7401,Student_7401,22,91
7402,Student_7402,21,87
7403,Student_7403,25,62
7404,Student_7404,18,98
7405,Student_7405,24,74
7406,Student_7406,23,61
7407,Student_7407,20,92
7408,Student_7408,18,81
7409,Student_7409,19,85
7410,Student_7410,24,55
7411,Student_7411,18,84
7412,Student_7412,25,65
7413,Student_7413,20,97
7414,Student_7414,22,54
7415,Student_7415,24,65
7416,Student_7416,21,71
7417,Student_7417,23,79
7418,Student_7418,24,58
7419,Student_7419,25,100
7420,Student_7420,18,73
7421,Student_7421,20,90
7422,Student_7422,24,92
7423,Student_7423,19,100
7424,Student_7424,20,66
7425,Student_7425,21,94
7426,Student_7426,23,82
7427,Student_7427,20,80
7428,Student_7428,19,66
7429,Student_7429,19,52
7430,Student_7430,25,86
7431,Student_7431,18,62
7432,Student_7432,23,91
7433,Student_7433,25,100
7434,Student_7434,19,68
7435,Student_7435,18,66
7436,Student_7436,19,74
7437,Student_7437,20,52
7438,Student_7438,23,69
7439,Student_7439,24,66
7440,Student_7440,25,96
7441,Student_7441,23,70
7442,Student_7442,21,87
7443,Student_7443,20,84
7444,Student_7444,18,95
7445,Student_7445,23,98
7446,Student_7446,23,61
7447,Student_7447,24,83
7448,Student_7448,25,53
7449,Student_7449,18,93
7450,Student_7450,22,57
7451,Student_7451,22,66
7452,Student_7452,21,62
7453,Student_7453,20,82
7454,Student_7454,25,50
7455,Student_7455,18,62
7456,Student_7456,20,90
7457,Student_7457,18,82
7458,Student_7458,22,96
7459,Student_7459,21,70
7460,Student_7460,23,81
7461,Student_7461,25,90
7462,Student_7462,22,75
7463,Student_7463,19,86
7464,Student_7464,18,97
7465,Student_7465,23,56
7466,Student_7466,20,69
7467,Student_7467,23,61
7468,Student_7468,22,89
7469,Student_7469,23,92
7470,Student_7470,19,79
7471,Student_7471,21,71
7472,Student_7472,22,74
7473,Student_7473,24,51
7474,Student_7474,18,85
7475,Student_7475,23,77
7476,Student_7476,23,73
7477,Student_7477,20,55
7478,Student_7478,21,74
7479,Student_7479,23,66
7480,Student_7480,18,90
7481,Student_7481,24,68
7482,Student_7482,18,63
7483,Student_7483,23,79
7484,Student_7484,23,90
7485,Student_7485,23,62
7486,Student_7486,23,85
7487,Student_7487,19,68
7488,Student_7488,19,52
7489,Student_7489,24,53
7490,Student_7490,20,62
7491,Student_7491,24,72
7492,Student_7492,24,74
7493,Student_7493,19,89
7494,Student_7494,23,67
7495,Student_7495,21,62
7496,Student_7496,24,62
7497,Student_7497,22,100
7498,Student_7498,18,79
7499,Student_7499,24,78
7500,Student_7500,24,69
7501,Student_7501,20,57
7502,Student_7502,18,70
7503,Student_7503,24,51
7504,Student_7504,25,55
7505,Student_7505,18,67
7506,Student_7506,23,56
7507,Student_7507,24,88
7508,Student_7508,21,71
7509,Student_7509,21,78
7510,Student_7510,22,55
7511,Student_7511,19,75
7512,Student_7512,25,69
7513,Student_7513,18,59
7514,Student_7514,19,100
7515,Student_7515,24,74
7516,Student_7516,24,93
7517,Student_7517,24,55
7518,Student_7518,21,83
7519,Student_7519,23,83
7520,Student_7520,21,56
7521,Student_7521,25,89
7522,Student_7522,20,73
7523,Student_7523,20,88
7524,Student_7524,24,69
7525,Student_7525,20,60
7526,Student_7526,19,93
7527,Student_7527,24,96
7528,Student_7528,23,91
7529,Student_7529,20,60
7530,Student_7530,21,72
7531,Student_7531,18,60
7532,Student_7532,22,76
7533,Student_7533,24,97
7534,Student_7534,23,88
7535,Student_7535,21,93
7536,Student_7536,21,57
7537,Student_7537,23,95
7538,Student_7538,22,70
7539,Student_7539,18,51
7540,Student_7540,24,71
7541,Student_7541,23,59
7542,Student_7542,24,76
7543,Student_7543,24,89
7544,Student_7544,21,51
7545,Student_7545,22,60
7546,Student_7546,21,59
7547,Student_7547,25,87
7548,Student_7548,19,83
7549,Student_7549,20,80
7550,Student_7550,18,62
7551,Student_7551,22,100
7552,Student_7552,25,96
7553,Student_7553,19,75
7554,Student_7554,20,58
7555,Student_7555,18,84
7556,Student_7556,22,94
7557,Student_7557,20,79
7558,Student_7558,22,94
7559,Student_7559,19,75
7560,Student_7560,18,97
7561,Student_7561,20,96
7562,Student_7562,18,86
7563,Student_7563,19,60
7564,Student_7564,21,76
7565,Student_7565,22,80
7566,Student_7566,25,91
7567,Student_7567,25,63
7568,Student_7568,24,83
7569,Student_7569,19,82
7570,Student_7570,18,67
7571,Student_7571,19,90
7572,Student_7572,24,91
7573,Student_7573,18,85
7574,Student_7574,18,56
7575,Student_7575,20,82
7576,Student_7576,20,74
7577,Student_7577,18,100
7578,Student_7578,23,59
7579,Student_7579,24,83
7580,Student_7580,24,83
7581,Student_7581,22,82
7582,Student_7582,18,98
7583,Student_7583,20,50
7584,Student_7584,22,99
7585,Student_7585,22,68
7586,Student_7586,18,88
7587,Student_7587,24,83
7588,Student_7588,20,60
7589,Student_7589,22,98
7590,Student_7590,23,79
7591,Student_7591,23,81
7592,Student_7592,19,71
7593,Student_7593,20,93
7594,Student_7594,23,79
7595,Student_7595,21,62
7596,Student_7596,20,92
7597,Student_7597,20,87
7598,Student_7598,18,56
7599,Student_7599,25,53
7600,Student_7600,19,88
7601,Student_7601,21,73
7602,Student_7602,20,61
7603,Student_7603,19,55
7604,Student_7604,19,97
7605,Student_7605,22,93
7606,Student_7606,24,50
7607,Student_7607,22,53
7608,Student_7608,25,50
7609,Student_7609,22,61
7610,Student_7610,21,60
7611,Student_7611,19,55
7612,Student_7612,18,64
7613,Student_7613,20,70
7614,Student_7614,20,77
7615,Student_7615,22,86
7616,Student_7616,25,82
7617,Student_7617,20,75
7618,Student_7618,24,88
7619,Student_7619,18,76
7620,Student_7620,18,99
7621,Student_7621,21,50
7622,Student_7622,25,58
7623,Student_7623,18,72
7624,Student_7624,19,66
7625,Student_7625,18,78
7626,Student_7626,20,87
7627,Student_7627,25,78
7628,Student_7628,19,55
7629,Student_7629,21,52
7630,Student_7630,21,92
7631,Student_7631,22,88
7632,Student_7632,20,75
7633,Student_7633,23,98
7634,Student_7634,20,97
7635,Student_7635,25,97
7636,Student_7636,23,70
7637,Student_7637,24,96
7638,Student_7638,22,95
7639,Student_7639,20,93
7640,Student_7640,23,86
7641,Student_7641,23,93
7642,Student_7642,20,91
7643,Student_7643,19,89
7644,Student_7644,24,70
7645,Student_7645,20,63
7646,Student_7646,20,93
7647,Student_7647,23,95
7648,Student_7648,18,93
7649,Student_7649,19,67
7650,Student_7650,19,92
7651,Student_7651,19,85
7652,Student_7652,23,73
7653,Student_7653,19,87
7654,Student_7654,25,76
7655,Student_7655,21,67
7656,Student_7656,25,63
7657,Student_7657,25,77
7658,Student_7658,22,94
7659,Student_7659,18,85
7660,Student_7660,19,91
7661,Student_7661,21,82
7662,Student_7662,23,97
7663,Student_7663,23,70
7664,Student_7664,21,90
7665,Student_7665,22,82
7666,Student_7666,18,74
7667,Student_7667,22,82
7668,Student_7668,25,57
7669,Student_7669,24,71
7670,Student_7670,22,92
7671,Student_7671,23,97
7672,Student_7672,20,85
7673,Student_7673,20,99
7674,Student_7674,23,70
7675,Student_7675,18,92
7676,Student_7676,20,91
7677,Student_7677,18,55
7678,Student_7678,24,61
7679,Student_7679,19,71
7680,Student_7680,24,94
7681,Student_7681,23,90
7682,Student_7682,19,64
7683,Student_7683,20,83
7684,Student_7684,23,84
7685,Student_7685,23,83
7686,Student_7686,18,72
7687,Student_7687,21,68
7688,Student_7688,21,52
7689,Student_7689,20,83
7690,Student_7690,18,71
7691,Student_7691,20,53
7692,Student_7692,25,70
7693,Student_7693,21,96
7694,Student_7694,22,73
7695,Student_7695,18,65
7696,Student_7696,19,55
7697,Student_7697,23,55
7698,Student_7698,25,65
7699,Student_7699,21,56
7700,Student_7700,23,97
7701,Student_7701,18,81
7702,Student_7702,25,94
7703,Student_7703,18,58
7704,Student_7704,19,81
7705,Student_7705,24,66
7706,Student_7706,22,83
7707,Student_7707,18,58
7708,Student_7708,19,86
7709,Student_7709,21,55
7710,Student_7710,25,64
7711,Student_7711,21,80
7712,Student_7712,23,90
7713,Student_7713,25,88
7714,Student_7714,18,80
7715,Student_7715,24,88
7716,Student_7716,22,64
7717,Student_7717,22,74
7718,Student_7718,18,53
7719,Student_7719,21,62
7720,Student_7720,21,95
7721,Student_7721,25,67
7722,Student_7722,21,69
7723,Student_7723,21,93
7724,Student_7724,25,83
7725,Student_7725,23,92
7726,Student_7726,21,72
7727,Student_7727,22,90
7728,Student_7728,20,77
7729,Student_7729,23,64
7730,Student_7730,24,93
7731,Student_7731,23,57
7732,Student_7732,19,97
7733,Student_7733,22,83
7734,Student_7734,22,59
7735,Student_7735,25,52
7736,Student_7736,18,82
7737,Student_7737,22,73
7738,Student_7738,19,98
7739,Student_7739,23,69
7740,Student_7740,22,77
7741,Student_7741,23,77
7742,Student_7742,25,87
7743,Student_7743,25,98
7744,Student_7744,25,68
7745,Student_7745,25,72
7746,Student_7746,24,85
7747,Student_7747,20,79
7748,Student_7748,20,81
7749,Student_7749,19,51
7750,Student_7750,22,90
7751,Student_7751,20,85
7752,Student_7752,18,68
7753,Student_7753,24,100
7754,Student_7754,25,69
7755,Student_7755,19,93
7756,Student_7756,24,93
7757,Student_7757,22,76
7758,Student_7758,23,97
7759,Student_7759,25,60
7760,Student_7760,18,96
7761,Student_7761,19,64
7762,Student_7762,18,91
7763,Student_7763,19,52
7764,Student_7764,25,95
7765,Student_7765,24,79
7766,Student_7766,23,65
7767,Student_7767,24,54
7768,Student_7768,20,74
7769,Student_7769,19,69
7770,Student_7770,24,60
7771,Student_7771,19,99
7772,Student_7772,24,90
7773,Student_7773,22,82
7774,Student_7774,25,51
7775,Student_7775,23,95
7776,Student_7776,24,58
7777,Student_7777,18,80
7778,Student_7778,22,82
7779,Student_7779,23,92
7780,Student_7780,19,66
7781,Student_7781,22,54
7782,Student_7782,24,77
7783,Student_7783,24,80
7784,Student_7784,20,57
7785,Student_7785,18,50
7786,Student_7786,23,63
7787,Student_7787,21,67
7788,Student_7788,23,60
7789,Student_7789,23,57
7790,Student_7790,18,55
7791,Student_7791,19,92
7792,Student_7792,22,86
7793,Student_7793,22,90
7794,Student_7794,19,55
7795,Student_7795,20,98
7796,Student_7796,18,84
7797,Student_7797,21,89
7798,Student_7798,21,80
7799,Student_7799,19,85
7800,Student_7800,21,75
7801,Student_7801,20,66
7802,Student_7802,19,50
7803,Student_7803,21,66
7804,Student_7804,23,55
7805,Student_7805,19,75
7806,Student_7806,23,63
7807,Student_7807,25,58
7808,Student_7808,20,89
7809,Student_7809,23,97
7810,Student_7810,25,95
7811,Student_7811,21,86
7812,Student_7812,22,59
7813,Student_7813,24,90
7814,Student_7814,25,91
7815,Student_7815,25,87
7816,Student_7816,23,76
7817,Student_7817,18,64
7818,Student_7818,25,99
7819,Student_7819,20,75
7820,Student_7820,19,56
7821,Student_7821,21,82
7822,Student_7822,21,68
7823,Student_7823,24,95
7824,Student_7824,25,55
7825,Student_7825,24,92
7826,Student_7826,19,94
7827,Student_7827,22,97
7828,Student_7828,21,53
7829,Student_7829,23,58
7830,Student_7830,20,97
7831,Student_7831,20,74
7832,Student_7832,24,66
7833,Student_7833,20,63
7834,Student_7834,21,50
7835,Student_7835,22,74
7836,Student_7836,25,80
7837,Student_7837,23,84
7838,Student_7838,24,84
7839,Student_7839,20,57
7840,Student_7840,21,83
7841,Student_7841,21,88
7842,Student_7842,23,70
7843,Student_7843,23,58
7844,Student_7844,18,51
7845,Student_7845,24,91
7846,Student_7846,23,77
7847,Student_7847,24,53
7848,Student_7848,25,63
7849,Student_7849,20,71
7850,Student_7850,20,72
7851,Student_7851,24,51
7852,Student_7852,18,50
7853,Student_7853,19,98
7854,Student_7854,25,66
7855,Student_7855,18,82
7856,Student_7856,20,72
7857,Student_7857,24,83
7858,Student_7858,18,66
7859,Student_7859,25,71
7860,Student_7860,24,73
7861,Student_7861,18,83
7862,Student_7862,21,54
7863,Student_7863,24,88
7864,Student_7864,21,55
7865,Student_7865,20,59
7866,Student_7866,24,67
7867,Student_7867,22,67
7868,Student_7868,23,77
7869,Student_7869,20,59
7870,Student_7870,22,79
7871,Student_7871,20,71
7872,Student_7872,21,90
7873,Student_7873,22,55
7874,Student_7874,20,82
7875,Student_7875,23,100
7876,Student_7876,22,67
7877,Student_7877,21,80
7878,Student_7878,19,53
7879,Student_7879,22,88
7880,Student_7880,23,80
7881,Student_7881,23,73
7882,Student_7882,20,69
7883,Student_7883,25,79
7884,Student_7884,23,97
7885,Student_7885,20,67
7886,Student_7886,23,53
7887,Student_7887,23,56
7888,Student_7888,23,69
7889,Student_7889,21,95
7890,Student_7890,22,71
7891,Student_7891,24,57
7892,Student_7892,25,82
7893,Student_7893,18,64
7894,Student_7894,21,65
7895,Student_7895,20,67
7896,Student_7896,18,74
7897,Student_7897,19,82
7898,Student_7898,21,93
7899,Student_7899,21,70
7900,Student_7900,18,82
7901,Student_7901,24,99
7902,Student_7902,25,56
7903,Student_7903,21,62
7904,Student_7904,23,64
7905,Student_7905,18,98
7906,Student_7906,22,84
7907,Student_7907,22,64
7908,Student_7908,25,71
7909,Student_7909,24,98
7910,Student_7910,19,70
7911,Student_7911,24,89
7912,Student_7912,24,83
7913,Student_7913,25,64
7914,Student_7914,19,64
7915,Student_7915,19,92
7916,Student_7916,23,98
7917,Student_7917,20,96
7918,Student_7918,23,61
7919,Student_7919,19,54
7920,Student_7920,20,74
7921,Student_7921,24,93
7922,Student_7922,19,87
7923,Student_7923,18,80
7924,Student_7924,23,75
7925,Student_7925,21,70
7926,Student_7926,20,70
7927,Student_7927,19,67
7928,Student_7928,24,52
7929,Student_7929,18,59
7930,Student_7930,25,59
7931,Student_7931,21,88
7932,Student_7932,18,79
7933,Student_7933,20,51
7934,Student_7934,21,53
7935,Student_7935,18,72
7936,Student_7936,25,68
7937,Student_7937,22,84
7938,Student_7938,23,50
7939,Student_7939,23,88
7940,Student_7940,21,78
7941,Student_7941,20,97
7942,Student_7942,23,98
7943,Student_7943,18,54
7944,Student_7944,25,76
7945,Student_7945,24,54
7946,Student_7946,23,53
7947,Student_7947,25,60
7948,Student_7948,22,100
7949,Student_7949,22,73
7950,Student_7950,25,61
7951,Student_7951,20,85
7952,Student_7952,24,70
7953,Student_7953,22,84
7954,Student_7954,23,87
7955,Student_7955,25,73
7956,Student_7956,20,61
7957,Student_7957,23,59
7958,Student_7958,23,89
7959,Student_7959,25,94
7960,Student_7960,21,67
7961,Student_7961,21,100
7962,Student_7962,21,62
7963,Student_7963,19,73
7964,Student_7964,25,75
7965,Student_7965,23,92
7966,Student_7966,22,86
7967,Student_7967,23,81
7968,Student_7968,21,56
7969,Student_7969,22,59
7970,Student_7970,24,96
7971,Student_7971,21,88
7972,Student_7972,21,88
7973,Student_7973,25,87
7974,Student_7974,21,77
7975,Student_7975,20,66
7976,Student_7976,18,57
7977,Student_7977,22,93
7978,Student_7978,25,72
7979,Student_7979,22,71
7980,Student_7980,22,57
7981,Student_7981,25,77
7982,Student_7982,25,76
7983,Student_7983,23,63
7984,Student_7984,23,82
7985,Student_7985,22,62
7986,Student_7986,21,63
7987,Student_7987,22,66
7988,Student_7988,21,53
7989,Student_7989,21,59
7990,Student_7990,19,77
7991,Student_7991,23,68
7992,Student_7992,20,100
7993,Student_7993,20,86
7994,Student_7994,20,61
7995,Student_7995,20,91
7996,Student_7996,18,92
7997,Student_7997,21,98
7998,Student_7998,25,69
7999,Student_7999,25,75
8000,Student_8000,20,62
8001,Student_8001,23,75
8002,Student_8002,18,72
8003,Student_8003,24,54
8004,Student_8004,20,63
8005,Student_8005,21,72
8006,Student_8006,24,53
8007,Student_8007,25,77
8008,Student_8008,21,71
8009,Student_8009,22,89
8010,Student_8010,22,66
8011,Student_8011,25,76
8012,Student_8012,21,99
8013,Student_8013,20,94
8014,Student_8014,18,74
8015,Student_8015,19,69
8016,Student_8016,25,88
8017,Student_8017,24,52
8018,Student_8018,25,74
8019,Student_8019,25,97
8020,Student_8020,20,53
8021,Student_8021,22,72
8022,Student_8022,19,94
8023,Student_8023,23,60
8024,Student_8024,19,56
8025,Student_8025,23,71
8026,Student_8026,22,57
8027,Student_8027,22,72
8028,Student_8028,25,60
8029,Student_8029,22,60
8030,Student_8030,23,77
8031,Student_8031,21,65
8032,Student_8032,25,79
8033,Student_8033,23,65
8034,Student_8034,21,64
8035,Student_8035,19,82
8036,Student_8036,25,89
8037,Student_8037,20,51
8038,Student_8038,24,75
8039,Student_8039,18,68
8040,Student_8040,24,92
8041,Student_8041,19,70
8042,Student_8042,20,75
8043,Student_8043,25,81
8044,Student_8044,21,75
8045,Student_8045,19,81
8046,Student_8046,24,99
8047,Student_8047,23,85
8048,Student_8048,25,52
8049,Student_8049,20,95
8050,Student_8050,18,80
8051,Student_8051,25,64
8052,Student_8052,19,66
8053,Student_8053,23,76
8054,Student_8054,18,84
8055,Student_8055,25,81
8056,Student_8056,24,80
8057,Student_8057,23,93
8058,Student_8058,23,99
8059,Student_8059,24,82
8060,Student_8060,25,91
8061,Student_8061,21,54
8062,Student_8062,18,94
8063,Student_8063,23,87
8064,Student_8064,19,89
8065,Student_8065,22,82
8066,Student_8066,20,61
8067,Student_8067,19,86
8068,Student_8068,20,80
8069,Student_8069,24,77
8070,Student_8070,22,86
8071,Student_8071,22,62
8072,Student_8072,23,86
8073,Student_8073,21,96
8074,Student_8074,23,86
8075,Student_8075,23,64
8076,Student_8076,21,72
8077,Student_8077,21,54
8078,Student_8078,20,83
8079,Student_8079,19,51
8080,Student_8080,20,68
8081,Student_8081,25,86
8082,Student_8082,24,98
8083,Student_8083,20,81
8084,Student_8084,22,80
8085,Student_8085,21,70
8086,Student_8086,21,98
8087,Student_8087,19,83
8088,Student_8088,18,92
8089,Student_8089,23,51
8090,Student_8090,18,73
8091,Student_8091,19,64
8092,Student_8092,25,98
8093,Student_8093,22,82
8094,Student_8094,18,90
8095,Student_8095,24,63
8096,Student_8096,22,93
8097,Student_8097,18,51
8098,Student_8098,25,63
8099,Student_8099,21,68
8100,Student_8100,24,97
8101,Student_8101,25,92
8102,Student_8102,19,95
8103,Student_8103,18,87
8104,Student_8104,22,92
8105,Student_8105,24,96
8106,Student_8106,25,97
8107,Student_8107,19,63
8108,Student_8108,23,82
8109,Student_8109,18,89
8110,Student_8110,19,56
8111,Student_8111,21,53
8112,Student_8112,23,96
8113,Student_8113,24,58
8114,Student_8114,18,88
8115,Student_8115,21,90
8116,Student_8116,19,83
8117,Student_8117,21,55
8118,Student_8118,18,100
8119,Student_8119,24,65
8120,Student_8120,23,77
8121,Student_8121,19,80
8122,Student_8122,23,51
8123,Student_8123,20,87
8124,Student_8124,24,92
8125,Student_8125,20,58
8126,Student_8126,18,96
8127,Student_8127,19,75
8128,Student_8128,22,84
8129,Student_8129,22,52
8130,Student_8130,21,71
8131,Student_8131,21,76
8132,Student_8132,22,70
8133,Student_8133,23,92
8134,Student_8134,18,93
8135,Student_8135,18,61
8136,Student_8136,22,67
8137,Student_8137,22,61
8138,Student_8138,19,93
8139,Student_8139,22,84
8140,Student_8140,19,77
8141,Student_8141,21,79
8142,Student_8142,24,79
8143,Student_8143,18,68
8144,Student_8144,19,97
8145,Student_8145,22,95
8146,Student_8146,20,79
8147,Student_8147,24,51
8148,Student_8148,23,99
8149,Student_8149,25,68
8150,Student_8150,24,65
8151,Student_8151,24,52
8152,Student_8152,21,78
8153,Student_8153,25,65
8154,Student_8154,21,88
8155,Student_8155,19,68
8156,Student_8156,22,55
8157,Student_8157,25,84
8158,Student_8158,19,53
8159,Student_8159,20,65
8160,Student_8160,18,98
8161,Student_8161,24,61
8162,Student_8162,19,100
8163,Student_8163,20,87
8164,Student_8164,23,73
8165,Student_8165,22,51
8166,Student_8166,22,64
8167,Student_8167,23,95
8168,Student_8168,22,99
8169,Student_8169,23,93
8170,Student_8170,22,74
8171,Student_8171,23,93
8172,Student_8172,24,50
8173,Student_8173,19,50
8174,Student_8174,18,63
8175,Student_8175,21,60
8176,Student_8176,21,55
8177,Student_8177,19,73
8178,Student_8178,22,63
8179,Student_8179,21,79
8180,Student_8180,23,61
8181,Student_8181,24,85
8182,Student_8182,19,50
8183,Student_8183,18,62
8184,Student_8184,24,75
8185,Student_8185,22,77
8186,Student_8186,22,76
8187,Student_8187,23,70
8188,Student_8188,22,97
8189,Student_8189,20,100
8190,Student_8190,22,55
8191,Student_8191,18,96
8192,Student_8192,18,98
8193,Student_8193,23,68
8194,Student_8194,22,71
8195,Student_8195,23,86
8196,Student_8196,22,64
8197,Student_8197,20,78
8198,Student_8198,23,89
8199,Student_8199,20,63
8200,Student_8200,19,76
8201,Student_8201,19,63
8202,Student_8202,21,98
8203,Student_8203,25,88
8204,Student_8204,23,87
8205,Student_8205,23,68
8206,Student_8206,21,90
8207,Student_8207,25,90
8208,Student_8208,18,57
8209,Student_8209,19,65
8210,Student_8210,22,63
8211,Student_8211,22,75
8212,Student_8212,19,70
8213,Student_8213,22,98
8214,Student_8214,19,97
8215,Student_8215,19,82
8216,Student_8216,19,74
8217,Student_8217,22,85
8218,Student_8218,23,58
8219,Student_8219,24,84
8220,Student_8220,25,78
8221,Student_8221,21,86
8222,Student_8222,23,78
8223,Student_8223,21,67
8224,Student_8224,19,98
8225,Student_8225,25,56
8226,Student_8226,25,54
8227,Student_8227,25,77
8228,Student_8228,22,99
8229,Student_8229,19,68
8230,Student_8230,20,94
8231,Student_8231,25,69
8232,Student_8232,22,89
8233,Student_8233,21,71
8234,Student_8234,22,97
8235,Student_8235,24,97
8236,Student_8236,22,97
8237,Student_8237,18,86
8238,Student_8238,20,79
8239,Student_8239,19,65
8240,Student_8240,18,55
8241,Student_8241,21,65
8242,Student_8242,23,88
8243,Student_8243,25,63
8244,Student_8244,22,82
8245,Student_8245,18,96
8246,Student_8246,21,71
8247,Student_8247,23,52
8248,Student_8248,21,60
8249,Student_8249,20,99
8250,Student_8250,21,96
8251,Student_8251,24,98
8252,Student_8252,19,98
8253,Student_8253,22,65
8254,Student_8254,23,77
8255,Student_8255,23,92
8256,Student_8256,23,83
8257,Student_8257,25,58
8258,Student_8258,22,84
8259,Student_8259,20,76
8260,Student_8260,24,60
8261,Student_8261,23,55
8262,Student_8262,18,90
8263,Student_8263,23,63
8264,Student_8264,24,60
8265,Student_8265,18,73
8266,Student_8266,19,73
8267,Student_8267,19,67
8268,Student_8268,18,65
8269,Student_8269,20,88
8270,Student_8270,19,83
8271,Student_8271,24,84
8272,Student_8272,21,96
8273,Student_8273,24,99
8274,Student_8274,24,84
8275,Student_8275,20,52
8276,Student_8276,23,81
8277,Student_8277,18,52
8278,Student_8278,25,99
8279,Student_8279,21,95
8280,Student_8280,23,92
8281,Student_8281,20,89
8282,Student_8282,20,80
8283,Student_8283,22,64
8284,Student_8284,19,88
8285,Student_8285,18,61
8286,Student_8286,19,52
8287,Student_8287,25,88
8288,Student_8288,21,75
8289,Student_8289,25,65
8290,Student_8290,22,85
8291,Student_8291,23,62
8292,Student_8292,24,56
8293,Student_8293,20,55
8294,Student_8294,24,91
8295,Student_8295,19,92
8296,Student_8296,20,71
8297,Student_8297,21,92
8298,Student_8298,22,54
8299,Student_8299,24,57
8300,Student_8300,21,59
8301,Student_8301,22,80
8302,Student_8302,23,60
8303,Student_8303,18,88
8304,Student_8304,21,65
8305,Student_8305,24,66
8306,Student_8306,20,78
8307,Student_8307,24,92
8308,Student_8308,21,79
8309,Student_8309,18,50
8310,Student_8310,18,94
8311,Student_8311,21,57
8312,Student_8312,23,95
8313,Student_8313,23,78
8314,Student_8314,24,80
8315,Student_8315,20,56
8316,Student_8316,18,79
8317,Student_8317,25,52
8318,Student_8318,25,57
8319,Student_8319,19,56
8320,Student_8320,25,86
8321,Student_8321,22,93
8322,Student_8322,24,97
8323,Student_8323,18,93
8324,Student_8324,25,61
8325,Student_8325,18,95
8326,Student_8326,22,59
8327,Student_8327,18,69
8328,Student_8328,24,100
8329,Student_8329,20,53
8330,Student_8330,21,68
8331,Student_8331,20,74
8332,Student_8332,21,54
8333,Student_8333,23,72
8334,Student_8334,23,90
8335,Student_8335,19,60
8336,Student_8336,20,94
8337,Student_8337,21,51
8338,Student_8338,22,50
8339,Student_8339,20,52
8340,Student_8340,21,68
8341,Student_8341,20,65
8342,Student_8342,24,68
8343,Student_8343,24,62
8344,Student_8344,22,71
8345,Student_8345,18,82
8346,Student_8346,23,62
8347,Student_8347,20,56
8348,Student_8348,25,90
8349,Student_8349,18,82
8350,Student_8350,21,79
8351,Student_8351,19,70
8352,Student_8352,24,82
8353,Student_8353,24,95
8354,Student_8354,23,50
8355,Student_8355,25,80
8356,Student_8356,21,81
8357,Student_8357,25,93
8358,Student_8358,19,72
8359,Student_8359,21,55
8360,Student_8360,21,81
8361,Student_8361,18,71
8362,Student_8362,25,67
8363,Student_8363,19,69
8364,Student_8364,21,57
8365,Student_8365,23,100
8366,Student_8366,19,71
8367,Student_8367,22,61
8368,Student_8368,22,80
8369,Student_8369,18,58
8370,Student_8370,21,69
8371,Student_8371,23,97
8372,Student_8372,20,51
8373,Student_8373,22,56
8374,Student_8374,21,64
8375,Student_8375,25,92
8376,Student_8376,20,67
8377,Student_8377,20,98
8378,Student_8378,25,77
8379,Student_8379,21,83
8380,Student_8380,22,89
8381,Student_8381,25,81
8382,Student_8382,24,66
8383,Student_8383,20,91
8384,Student_8384,21,100
8385,Student_8385,18,68
8386,Student_8386,18,59
8387,Student_8387,24,68
8388,Student_8388,25,93
8389,Student_8389,24,57
8390,Student_8390,21,92
8391,Student_8391,24,53
8392,Student_8392,22,91
8393,Student_8393,21,82
8394,Student_8394,19,58
8395,Student_8395,19,52
8396,Student_8396,21,68
8397,Student_8397,22,69
8398,Student_8398,18,97
8399,Student_8399,25,93
8400,Student_8400,20,52
8401,Student_8401,18,83
8402,Student_8402,18,60
8403,Student_8403,21,76
8404,Student_8404,25,80
8405,Student_8405,21,63
8406,Student_8406,18,53
8407,Student_8407,24,53
8408,Student_8408,20,50
8409,Student_8409,25,54
8410,Student_8410,24,62
8411,Student_8411,23,59
8412,Student_8412,20,73
8413,Student_8413,18,88
8414,Student_8414,18,93
8415,Student_8415,21,78
8416,Student_8416,18,74
8417,Student_8417,21,56
8418,Student_8418,18,57
8419,Student_8419,23,78
8420,Student_8420,19,68
8421,Student_8421,23,55
8422,Student_8422,23,95
8423,Student_8423,18,83
8424,Student_8424,20,90
8425,Student_8425,23,64
8426,Student_8426,20,76
8427,Student_8427,18,88
8428,Student_8428,22,86
8429,Student_8429,21,83
8430,Student_8430,20,73
8431,Student_8431,19,85
8432,Student_8432,22,89
8433,Student_8433,23,99
8434,Student_8434,19,81
8435,Student_8435,20,77
8436,Student_8436,21,87
8437,Student_8437,18,60
8438,Student_8438,24,63
8439,Student_8439,21,59
8440,Student_8440,19,56
8441,Student_8441,22,100
8442,Student_8442,23,59
8443,Student_8443,22,69
8444,Student_8444,23,68
8445,Student_8445,18,54
8446,Student_8446,25,75
8447,Student_8447,20,86
8448,Student_8448,21,79
8449,Student_8449,25,78
8450,Student_8450,22,65
8451,Student_8451,25,96
8452,Student_8452,25,69
8453,Student_8453,24,64
8454,Student_8454,19,97
8455,Student_8455,20,68
8456,Student_8456,24,67
8457,Student_8457,25,93
8458,Student_8458,24,96
8459,Student_8459,21,50
8460,Student_8460,25,52
8461,Student_8461,23,76
8462,Student_8462,24,96
8463,Student_8463,23,95
8464,Student_8464,25,73
8465,Student_8465,20,77
8466,Student_8466,20,56
8467,Student_8467,21,84
8468,Student_8468,22,68
8469,Student_8469,24,51
8470,Student_8470,25,51
8471,Student_8471,19,82
8472,Student_8472,21,67
8473,Student_8473,21,97
8474,Student_8474,18,57
8475,Student_8475,24,84
8476,Student_8476,24,76
8477,Student_8477,23,70
8478,Student_8478,25,97
8479,Student_8479,21,94
8480,Student_8480,24,55
8481,Student_8481,23,92
8482,Student_8482,23,95
8483,Student_8483,23,85
8484,Student_8484,25,90
8485,Student_8485,22,92
8486,Student_8486,25,76
8487,Student_8487,21,51
8488,Student_8488,19,57
8489,Student_8489,25,74
8490,Student_8490,24,56
8491,Student_8491,22,100
8492,Student_8492,18,98
8493,Student_8493,18,89
8494,Student_8494,22,75
8495,Student_8495,22,75
8496,Student_8496,20,54
8497,Student_8497,24,95
8498,Student_8498,20,60
8499,Student_8499,25,64
8500,Student_8500,21,64
8501,Student_8501,19,65
8502,Student_8502,23,76
8503,Student_8503,24,62
8504,Student_8504,18,80
8505,Student_8505,21,51
8506,Student_8506,22,54
8507,Student_8507,19,70
8508,Student_8508,20,62
8509,Student_8509,25,57
8510,Student_8510,20,65
8511,Student_8511,19,89
8512,Student_8512,19,80
8513,Student_8513,20,52
8514,Student_8514,21,61
8515,Student_8515,21,78
8516,Student_8516,19,94
8517,Student_8517,24,76
8518,Student_8518,25,53
8519,Student_8519,22,86
8520,Student_8520,21,96
8521,Student_8521,21,77
8522,Student_8522,24,62
8523,Student_8523,25,55
8524,Student_8524,21,81
8525,Student_8525,20,51
8526,Student_8526,22,83
8527,Student_8527,24,87
8528,Student_8528,18,98
8529,Student_8529,22,62
8530,Student_8530,20,84
8531,Student_8531,22,66
8532,Student_8532,23,53
8533,Student_8533,25,56
8534,Student_8534,22,89
8535,Student_8535,18,96
8536,Student_8536,25,50
8537,Student_8537,25,73
8538,Student_8538,19,73
8539,Student_8539,21,83
8540,Student_8540,24,77
8541,Student_8541,20,61
8542,Student_8542,18,80
8543,Student_8543,18,98
8544,Student_8544,24,92
8545,Student_8545,19,53
8546,Student_8546,24,88
8547,Student_8547,22,71
8548,Student_8548,20,89
8549,Student_8549,18,72
8550,Student_8550,19,68
8551,Student_8551,20,64
8552,Student_8552,25,69
8553,Student_8553,20,98
8554,Student_8554,25,52
8555,Student_8555,24,52
8556,Student_8556,25,76
8557,Student_8557,23,69
8558,Student_8558,24,74
8559,Student_8559,21,95
8560,Student_8560,22,50
8561,Student_8561,20,83
8562,Student_8562,19,87
8563,Student_8563,19,94
8564,Student_8564,18,79
8565,Student_8565,18,59
8566,Student_8566,25,61
8567,Student_8567,18,74
8568,Student_8568,18,82
8569,Student_8569,21,82
8570,Student_8570,23,79
8571,Student_8571,20,73
8572,Student_8572,24,75
8573,Student_8573,18,50
8574,Student_8574,19,66
8575,Student_8575,19,77
8576,Student_8576,25,50
8577,Student_8577,24,64
8578,Student_8578,19,53
8579,Student_8579,23,77
8580,Student_8580,20,83
8581,Student_8581,22,64
8582,Student_8582,19,59
8583,Student_8583,18,73
8584,Student_8584,20,62
8585,Student_8585,24,63
8586,Student_8586,21,93
8587,Student_8587,23,99
8588,Student_8588,21,65
8589,Student_8589,19,97
8590,Student_8590,19,68
8591,Student_8591,23,50
8592,Student_8592,22,63
8593,Student_8593,19,84
8594,Student_8594,21,80
8595,Student_8595,25,70
8596,Student_8596,20,81
8597,Student_8597,20,94
8598,Student_8598,20,52
8599,Student_8599,24,73
8600,Student_8600,20,77
8601,Student_8601,25,60
8602,Student_8602,21,67
8603,Student_8603,24,68
8604,Student_8604,22,70
8605,Student_8605,21,78
8606,Student_8606,23,50
8607,Student_8607,25,50
8608,Student_8608,24,80
8609,Student_8609,23,50
8610,Student_8610,24,52
8611,Student_8611,24,73
8612,Student_8612,25,59
8613,Student_8613,21,81
8614,Student_8614,18,65
8615,Student_8615,24,65
8616,Student_8616,25,79
8617,Student_8617,25,69
8618,Student_8618,19,60
8619,Student_8619,18,51
8620,Student_8620,25,88
8621,Student_8621,21,87
8622,Student_8622,20,68
8623,Student_8623,19,94
8624,Student_8624,24,50
8625,Student_8625,25,61
8626,Student_8626,18,53
8627,Student_8627,24,86
8628,Student_8628,18,77
8629,Student_8629,25,86
8630,Student_8630,20,67
8631,Student_8631,24,89
8632,Student_8632,24,64
8633,Student_8633,22,77
8634,Student_8634,24,68
8635,Student_8635,24,75
8636,Student_8636,22,82
8637,Student_8637,21,61
8638,Student_8638,25,54
8639,Student_8639,20,63
8640,Student_8640,25,62
8641,Student_8641,21,84
8642,Student_8642,19,76
8643,Student_8643,20,62
8644,Student_8644,25,95
8645,Student_8645,24,99
8646,Student_8646,20,57
8647,Student_8647,19,51
8648,Student_8648,23,55
8649,Student_8649,25,79
8650,Student_8650,22,65
8651,Student_8651,22,74
8652,Student_8652,20,85
8653,Student_8653,18,63
8654,Student_8654,22,58
8655,Student_8655,24,50
8656,Student_8656,21,86
8657,Student_8657,20,72
8658,Student_8658,21,89
8659,Student_8659,25,90
8660,Student_8660,23,61
8661,Student_8661,18,73
8662,Student_8662,21,87
8663,Student_8663,25,77
8664,Student_8664,21,70
8665,Student_8665,22,72
8666,Student_8666,22,56
8667,Student_8667,22,77
8668,Student_8668,18,78
8669,Student_8669,19,92
8670,Student_8670,21,75
8671,Student_8671,24,91
8672,Student_8672,21,90
8673,Student_8673,19,99
8674,Student_8674,19,61
8675,Student_8675,22,77
8676,Student_8676,22,92
8677,Student_8677,18,60
8678,Student_8678,20,57
8679,Student_8679,18,60
8680,Student_8680,19,62
8681,Student_8681,23,64
8682,Student_8682,18,77
8683,Student_8683,20,80
8684,Student_8684,18,68
8685,Student_8685,18,79
8686,Student_8686,18,68
8687,Student_8687,20,97
8688,Student_8688,21,54
8689,Student_8689,19,52
8690,Student_8690,19,90
8691,Student_8691,25,65
8692,Student_8692,25,63
8693,Student_8693,18,65
8694,Student_8694,19,57
8695,Student_8695,24,96
8696,Student_8696,21,82
8697,Student_8697,19,53
8698,Student_8698,24,96
8699,Student_8699,25,83
8700,Student_8700,24,69
8701,Student_8701,25,75
8702,Student_8702,20,54
8703,Student_8703,18,73
8704,Student_8704,19,60
8705,Student_8705,22,90
8706,Student_8706,18,85
8707,Student_8707,20,77
8708,Student_8708,20,58
8709,Student_8709,18,94
8710,Student_8710,21,54
8711,Student_8711,19,73
8712,Student_8712,24,73
8713,Student_8713,23,71
8714,Student_8714,20,95
8715,Student_8715,21,73
8716,Student_8716,20,90
8717,Student_8717,23,81
8718,Student_8718,24,56
8719,Student_8719,21,59
8720,Student_8720,20,93
8721,Student_8721,24,68
8722,Student_8722,22,61
8723,Student_8723,25,100
8724,Student_8724,22,86
8725,Student_8725,25,73
8726,Student_8726,20,86
8727,Student_8727,22,71
8728,Student_8728,25,78
8729,Student_8729,18,78
8730,Student_8730,21,77
8731,Student_8731,24,72
8732,Student_8732,20,59
8733,Student_8733,21,52
8734,Student_8734,24,50
8735,Student_8735,22,74
8736,Student_8736,19,75
8737,Student_8737,19,62
8738,Student_8738,21,53
8739,Student_8739,21,58
8740,Student_8740,21,65
8741,Student_8741,23,63
8742,Student_8742,21,93
8743,Student_8743,20,52
8744,Student_8744,19,97
8745,Student_8745,19,95
8746,Student_8746,22,69
8747,Student_8747,21,79
8748,Student_8748,21,92
8749,Student_8749,25,67
8750,Student_8750,24,99
8751,Student_8751,18,54
8752,Student_8752,19,97
8753,Student_8753,24,96
8754,Student_8754,25,62
8755,Student_8755,21,55
8756,Student_8756,23,52
8757,Student_8757,23,96
8758,Student_8758,20,60
8759,Student_8759,25,61
8760,Student_8760,22,78
8761,Student_8761,24,67
8762,Student_8762,18,66
8763,Student_8763,20,73
8764,Student_8764,25,66
8765,Student_8765,20,72
8766,Student_8766,19,67
8767,Student_8767,18,84
8768,Student_8768,24,55
8769,Student_8769,23,89
8770,Student_8770,21,84
8771,Student_8771,22,59
8772,Student_8772,25,86
8773,Student_8773,20,71
8774,Student_8774,22,73
8775,Student_8775,25,97
8776,Student_8776,24,98
8777,Student_8777,19,85
8778,Student_8778,25,66
8779,Student_8779,22,94
8780,Student_8780,23,55
8781,Student_8781,18,79
8782,Student_8782,23,52
8783,Student_8783,18,81
8784,Student_8784,22,59
8785,Student_8785,18,76
8786,Student_8786,23,68
8787,Student_8787,23,98
8788,Student_8788,24,70
8789,Student_8789,22,85
8790,Student_8790,24,81
8791,Student_8791,21,63
8792,Student_8792,18,71
8793,Student_8793,18,97
8794,Student_8794,22,78
8795,Student_8795,23,68
8796,Student_8796,23,50
8797,Student_8797,25,71
8798,Student_8798,18,98
8799,Student_8799,23,84
8800,Student_8800,21,88
8801,Student_8801,23,99
8802,Student_8802,18,57
8803,Student_8803,18,92
8804,Student_8804,22,82
8805,Student_8805,18,77
8806,Student_8806,22,63
8807,Student_8807,20,59
8808,Student_8808,24,54
8809,Student_8809,25,73
8810,Student_8810,20,57
8811,Student_8811,19,77
8812,Student_8812,21,50
8813,Student_8813,18,98
8814,Student_8814,24,76
8815,Student_8815,20,56
8816,Student_8816,24,62
8817,Student_8817,19,53
8818,Student_8818,21,53
8819,Student_8819,18,95
8820,Student_8820,19,57
8821,Student_8821,25,54
8822,Student_8822,22,93
8823,Student_8823,24,59
8824,Student_8824,23,96
8825,Student_8825,24,97
8826,Student_8826,19,55
8827,Student_8827,19,58
8828,Student_8828,24,53
8829,Student_8829,23,88
8830,Student_8830,25,69
8831,Student_8831,18,71
8832,Student_8832,21,69
8833,Student_8833,20,97
8834,Student_8834,20,93
8835,Student_8835,19,61
8836,Student_8836,18,61
8837,Student_8837,19,74
8838,Student_8838,24,82
8839,Student_8839,18,82
8840,Student_8840,20,86
8841,Student_8841,24,74
8842,Student_8842,20,90
8843,Student_8843,25,63
8844,Student_8844,25,53
8845,Student_8845,19,58
8846,Student_8846,24,59
8847,Student_8847,19,74
8848,Student_8848,18,80
8849,Student_8849,22,50
8850,Student_8850,25,60
8851,Student_8851,18,62
8852,Student_8852,25,81
8853,Student_8853,20,96
8854,Student_8854,19,96
8855,Student_8855,18,63
8856,Student_8856,19,57
8857,Student_8857,18,95
8858,Student_8858,18,58
8859,Student_8859,25,95
8860,Student_8860,18,95
8861,Student_8861,21,70
8862,Student_8862,25,82
8863,Student_8863,20,76
8864,Student_8864,23,65
8865,Student_8865,19,71
8866,Student_8866,19,56
8867,Student_8867,22,85
8868,Student_8868,19,88
8869,Student_8869,21,84
8870,Student_8870,20,94
8871,Student_8871,19,67
8872,Student_8872,20,64
8873,Student_8873,21,89
8874,Student_8874,19,65
8875,Student_8875,24,100
8876,Student_8876,25,66
8877,Student_8877,18,65
8878,Student_8878,24,55
8879,Student_8879,22,55
8880,Student_8880,25,86
8881,Student_8881,20,73
8882,Student_8882,21,76
8883,Student_8883,19,99
8884,Student_8884,22,90
8885,Student_8885,22,75
8886,Student_8886,22,60
8887,Student_8887,22,80
8888,Student_8888,24,88
8889,Student_8889,20,91
8890,Student_8890,18,68
8891,Student_8891,22,96
8892,Student_8892,19,62
8893,Student_8893,25,50
8894,Student_8894,23,60
8895,Student_8895,22,79
8896,Student_8896,25,54
8897,Student_8897,19,73
8898,Student_8898,18,90
8899,Student_8899,25,84
8900,Student_8900,18,84
8901,Student_8901,18,77
8902,Student_8902,18,100
8903,Student_8903,21,63
8904,Student_8904,18,89
8905,Student_8905,22,87
8906,Student_8906,24,84
8907,Student_8907,25,68
8908,Student_8908,20,83
8909,Student_8909,18,99
8910,Student_8910,23,98
8911,Student_8911,24,74
8912,Student_8912,21,85
8913,Student_8913,18,68
8914,Student_8914,23,59
8915,Student_8915,23,100
8916,Student_8916,25,61
8917,Student_8917,20,50
8918,Student_8918,25,90
8919,Student_8919,24,81
8920,Student_8920,23,82
8921,Student_8921,21,67
8922,Student_8922,23,68
8923,Student_8923,25,63
8924,Student_8924,23,82
8925,Student_8925,24,54
8926,Student_8926,18,90
8927,Student_8927,18,77
8928,Student_8928,24,73
8929,Student_8929,24,80
8930,Student_8930,22,93
8931,Student_8931,20,57
8932,Student_8932,20,89
8933,Student_8933,20,81
8934,Student_8934,20,90
8935,Student_8935,18,68
8936,Student_8936,25,74
8937,Student_8937,18,68
8938,Student_8938,18,97
8939,Student_8939,22,75
8940,Student_8940,22,53
8941,Student_8941,23,81
8942,Student_8942,22,76
8943,Student_8943,22,66
8944,Student_8944,24,59
8945,Student_8945,22,50
8946,Student_8946,25,65
8947,Student_8947,20,53
8948,Student_8948,24,80
8949,Student_8949,18,96
8950,Student_8950,23,73
8951,Student_8951,18,90
8952,Student_8952,25,77
8953,Student_8953,20,52
8954,Student_8954,20,82
8955,Student_8955,20,71
8956,Student_8956,18,55
8957,Student_8957,21,58
8958,Student_8958,19,91
8959,Student_8959,20,73
8960,Student_8960,24,61
8961,Student_8961,25,59
8962,Student_8962,18,54
8963,Student_8963,21,93
8964,Student_8964,21,54
8965,Student_8965,25,54
8966,Student_8966,20,75
8967,Student_8967,21,89
8968,Student_8968,18,55
8969,Student_8969,19,75
8970,Student_8970,23,69
8971,Student_8971,19,71
8972,Student_8972,21,80
8973,Student_8973,25,79
8974,Student_8974,22,74
8975,Student_8975,18,59
8976,Student_8976,25,85
8977,Student_8977,18,52
8978,Student_8978,24,94
8979,Student_8979,22,60
8980,Student_8980,24,100
8981,Student_8981,22,94
8982,Student_8982,25,85
8983,Student_8983,19,81
8984,Student_8984,21,85
8985,Student_8985,21,90
8986,Student_8986,25,67
8987,Student_8987,18,75
8988,Student_8988,18,53
8989,Student_8989,22,93
8990,Student_8990,18,64
8991,Student_8991,25,62
8992,Student_8992,23,68
8993,Student_8993,23,94
8994,Student_8994,23,88
8995,Student_8995,19,98
8996,Student_8996,21,78
8997,Student_8997,22,54
8998,Student_8998,24,52
8999,Student_8999,19,72
9000,Student_9000,25,100
9001,Student_9001,20,91
9002,Student_9002,22,81
9003,Student_9003,22,99
9004,Student_9004,22,60
9005,Student_9005,21,89
9006,Student_9006,18,54
9007,Student_9007,22,87
9008,Student_9008,21,86
9009,Student_9009,22,70
9010,Student_9010,18,68
9011,Student_9011,19,88
9012,Student_9012,24,50
9013,Student_9013,24,90
9014,Student_9014,21,65
9015,Student_9015,23,64
9016,Student_9016,20,99
9017,Student_9017,23,62
9018,Student_9018,21,58
9019,Student_9019,21,60
9020,Student_9020,20,73
9021,Student_9021,20,96
9022,Student_9022,19,88
9023,Student_9023,21,83
9024,Student_9024,21,86
9025,Student_9025,21,93
9026,Student_9026,20,81
9027,Student_9027,21,79
9028,Student_9028,18,65
9029,Student_9029,23,64
9030,Student_9030,24,52
9031,Student_9031,23,99
9032,Student_9032,21,86
9033,Student_9033,25,67
9034,Student_9034,24,89
9035,Student_9035,21,74
9036,Student_9036,18,79
9037,Student_9037,22,98
9038,Student_9038,24,64
9039,Student_9039,20,63
9040,Student_9040,25,63
9041,Student_9041,22,92
9042,Student_9042,24,91
9043,Student_9043,19,95
9044,Student_9044,24,73
9045,Student_9045,23,78
9046,Student_9046,22,76
9047,Student_9047,25,62
9048,Student_9048,19,88
9049,Student_9049,19,75
9050,Student_9050,20,92
9051,Student_9051,18,55
9052,Student_9052,23,67
9053,Student_9053,20,67
9054,Student_9054,20,60
9055,Student_9055,24,98
9056,Student_9056,24,83
9057,Student_9057,18,52
9058,Student_9058,18,63
9059,Student_9059,19,100
9060,Student_9060,18,89
9061,Student_9061,24,55
9062,Student_9062,25,94
9063,Student_9063,18,67
9064,Student_9064,25,63
9065,Student_9065,19,82
9066,Student_9066,24,98
9067,Student_9067,24,52
9068,Student_9068,22,82
9069,Student_9069,23,72
9070,Student_9070,24,80
9071,Student_9071,23,66
9072,Student_9072,18,59
9073,Student_9073,18,98
9074,Student_9074,20,60
9075,Student_9075,25,86
9076,Student_9076,25,67
9077,Student_9077,22,77
9078,Student_9078,22,96
9079,Student_9079,20,87
9080,Student_9080,20,60
9081,Student_9081,20,50
9082,Student_9082,23,67
9083,Student_9083,19,88
9084,Student_9084,18,91
9085,Student_9085,18,59
9086,Student_9086,20,76
9087,Student_9087,20,63
9088,Student_9088,20,54
9089,Student_9089,23,97
9090,Student_9090,24,85
9091,Student_9091,21,78
9092,Student_9092,19,85
9093,Student_9093,24,61
9094,Student_9094,20,81
9095,Student_9095,20,75
9096,Student_9096,20,75
9097,Student_9097,22,58
9098,Student_9098,25,57
9099,Student_9099,18,90
9100,Student_9100,19,55
9101,Student_9101,22,91
9102,Student_9102,24,63
9103,Student_9103,25,93
9104,Student_9104,20,96
9105,Student_9105,22,86
9106,Student_9106,22,68
9107,Student_9107,21,67
9108,Student_9108,22,81
9109,Student_9109,25,83
9110,Student_9110,25,79
9111,Student_9111,23,63
9112,Student_9112,23,68
9113,Student_9113,21,55
9114,Student_9114,22,85
9115,Student_9115,23,74
9116,Student_9116,25,95
9117,Student_9117,18,99
9118,Student_9118,21,60
9119,Student_9119,20,81
9120,Student_9120,21,96
9121,Student_9121,23,100
9122,Student_9122,23,75
9123,Student_9123,23,69
9124,Student_9124,21,69
9125,Student_9125,23,87
9126,Student_9126,20,58
9127,Student_9127,18,67
9128,Student_9128,23,80
9129,Student_9129,18,58
9130,Student_9130,20,72
9131,Student_9131,24,88
9132,Student_9132,22,100
9133,Student_9133,22,98
9134,Student_9134,19,77
9135,Student_9135,20,94
9136,Student_9136,21,99
9137,Student_9137,24,93
9138,Student_9138,25,89
9139,Student_9139,21,81
9140,Student_9140,20,97
9141,Student_9141,24,73
9142,Student_9142,24,78
9143,Student_9143,18,77
9144,Student_9144,18,81
9145,Student_9145,19,87
9146,Student_9146,25,85
9147,Student_9147,24,97
9148,Student_9148,21,88
9149,Student_9149,18,53
9150,Student_9150,24,67
9151,Student_9151,21,100
9152,Student_9152,24,65
9153,Student_9153,25,78
9154,Student_9154,20,57
9155,Student_9155,23,64
9156,Student_9156,21,69
9157,Student_9157,23,59
9158,Student_9158,24,80
9159,Student_9159,23,76
9160,Student_9160,22,75
9161,Student_9161,18,76
9162,Student_9162,23,82
9163,Student_9163,20,68
9164,Student_9164,22,52
9165,Student_9165,21,73
9166,Student_9166,22,78
9167,Student_9167,24,87
9168,Student_9168,18,98
9169,Student_9169,24,91
9170,Student_9170,22,97
9171,Student_9171,24,75
9172,Student_9172,22,79
9173,Student_9173,21,92
9174,Student_9174,25,81
9175,Student_9175,25,73
9176,Student_9176,21,79
9177,Student_9177,19,95
9178,Student_9178,23,82
9179,Student_9179,21,69
9180,Student_9180,22,50
9181,Student_9181,21,77
9182,Student_9182,21,97
9183,Student_9183,23,60
9184,Student_9184,23,79
9185,Student_9185,19,54
9186,Student_9186,20,86
9187,Student_9187,25,97
9188,Student_9188,25,73
9189,Student_9189,21,88
9190,Student_9190,22,91
9191,Student_9191,19,91
9192,Student_9192,18,57
9193,Student_9193,22,75
9194,Student_9194,19,71
9195,Student_9195,21,80
9196,Student_9196,25,59
9197,Student_9197,19,51
9198,Student_9198,21,66
9199,Student_9199,22,95
9200,Student_9200,25,93
9201,Student_9201,22,94
9202,Student_9202,21,55
9203,Student_9203,21,80
9204,Student_9204,23,54
9205,Student_9205,22,70
9206,Student_9206,23,53
9207,Student_9207,23,70
9208,Student_9208,23,90
9209,Student_9209,24,76
9210,Student_9210,19,53
9211,Student_9211,22,97
9212,Student_9212,21,57
9213,Student_9213,20,95
9214,Student_9214,25,97
9215,Student_9215,24,88
9216,Student_9216,23,63
9217,Student_9217,21,82
9218,Student_9218,24,67
9219,Student_9219,25,68
9220,Student_9220,25,97
9221,Student_9221,24,73
9222,Student_9222,21,64
9223,Student_9223,20,53
9224,Student_9224,25,84
9225,Student_9225,18,82
9226,Student_9226,18,74
9227,Student_9227,25,51
9228,Student_9228,25,56
9229,Student_9229,20,51
9230,Student_9230,19,75
9231,Student_9231,22,96
9232,Student_9232,18,60
9233,Student_9233,21,63
9234,Student_9234,25,81
9235,Student_9235,18,83
9236,Student_9236,20,83
9237,Student_9237,20,65
9238,Student_9238,24,72
9239,Student_9239,25,100
9240,Student_9240,18,79
9241,Student_9241,21,74
9242,Student_9242,18,88
9243,Student_9243,24,72
9244,Student_9244,19,54
9245,Student_9245,18,53
9246,Student_9246,22,94
9247,Student_9247,18,75
9248,Student_9248,19,58
9249,Student_9249,24,58
9250,Student_9250,21,57
9251,Student_9251,19,94
9252,Student_9252,24,88
9253,Student_9253,24,66
9254,Student_9254,20,74
9255,Student_9255,25,62
9256,Student_9256,25,89
9257,Student_9257,23,81
9258,Student_9258,20,53
9259,Student_9259,22,55
9260,Student_9260,21,57
9261,Student_9261,18,72
9262,Student_9262,21,69
9263,Student_9263,20,95
9264,Student_9264,20,89
9265,Student_9265,23,96
9266,Student_9266,18,63
9267,Student_9267,24,89
9268,Student_9268,23,61
9269,Student_9269,22,58
9270,Student_9270,22,96
9271,Student_9271,18,51
9272,Student_9272,24,54
9273,Student_9273,20,63
9274,Student_9274,24,60
9275,Student_9275,20,98
9276,Student_9276,25,56
9277,Student_9277,21,64
9278,Student_9278,22,56
9279,Student_9279,20,52
9280,Student_9280,23,56
9281,Student_9281,24,86
9282,Student_9282,20,59
9283,Student_9283,24,76
9284,Student_9284,18,59
9285,Student_9285,20,56
9286,Student_9286,21,98
9287,Student_9287,21,79
9288,Student_9288,21,79
9289,Student_9289,18,53
9290,Student_9290,20,59
9291,Student_9291,18,92
9292,Student_9292,24,82
9293,Student_9293,20,65
9294,Student_9294,19,100
9295,Student_9295,19,71
9296,Student_9296,21,51
9297,Student_9297,23,79
9298,Student_9298,22,50
9299,Student_9299,18,51
9300,Student_9300,20,74
9301,Student_9301,18,94
9302,Student_9302,20,93
9303,Student_9303,20,70
9304,Student_9304,22,55
9305,Student_9305,24,98
9306,Student_9306,20,88
9307,Student_9307,19,98
9308,Student_9308,19,68
9309,Student_9309,23,73
9310,Student_9310,22,52
9311,Student_9311,23,76
9312,Student_9312,21,79
9313,Student_9313,24,82
9314,Student_9314,19,60
9315,Student_9315,25,72
9316,Student_9316,18,94
9317,Student_9317,22,89
9318,Student_9318,24,88
9319,Student_9319,21,87
9320,Student_9320,18,88
9321,Student_9321,23,84
9322,Student_9322,19,64
9323,Student_9323,22,87
9324,Student_9324,21,66
9325,Student_9325,18,57
9326,Student_9326,19,57
9327,Student_9327,21,75
9328,Student_9328,20,63
9329,Student_9329,23,66
9330,Student_9330,18,69
9331,Student_9331,19,77
9332,Student_9332,23,67
9333,Student_9333,21,77
9334,Student_9334,21,51
9335,Student_9335,20,82
9336,Student_9336,20,65
9337,Student_9337,24,63
9338,Student_9338,20,68
9339,Student_9339,20,85
9340,Student_9340,25,87
9341,Student_9341,19,72
9342,Student_9342,23,86
9343,Student_9343,20,72
9344,Student_9344,22,78
9345,Student_9345,23,66
9346,Student_9346,18,69
9347,Student_9347,22,63
9348,Student_9348,22,85
9349,Student_9349,25,66
9350,Student_9350,25,74
9351,Student_9351,25,96
9352,Student_9352,25,80
9353,Student_9353,21,95
9354,Student_9354,23,90
9355,Student_9355,18,94
9356,Student_9356,19,55
9357,Student_9357,23,98
9358,Student_9358,19,71
9359,Student_9359,19,88
9360,Student_9360,25,91
9361,Student_9361,19,71
9362,Student_9362,20,51
9363,Student_9363,19,56
9364,Student_9364,20,73
9365,Student_9365,22,94
9366,Student_9366,25,81
9367,Student_9367,18,80
9368,Student_9368,21,84
9369,Student_9369,25,81
9370,Student_9370,21,98
9371,Student_9371,25,84
9372,Student_9372,18,75
9373,Student_9373,18,97
9374,Student_9374,22,51
9375,Student_9375,21,91
9376,Student_9376,19,82
9377,Student_9377,20,59
9378,Student_9378,21,91
9379,Student_9379,25,94
9380,Student_9380,20,54
9381,Student_9381,22,74
9382,Student_9382,19,76
9383,Student_9383,23,65
9384,Student_9384,19,71
9385,Student_9385,23,84
9386,Student_9386,25,63
9387,Student_9387,23,52
9388,Student_9388,25,97
9389,Student_9389,19,52
9390,Student_9390,24,68
9391,Student_9391,23,77
9392,Student_9392,24,72
9393,Student_9393,25,65
9394,Student_9394,21,57
9395,Student_9395,22,68
9396,Student_9396,24,56
9397,Student_9397,22,56
9398,Student_9398,20,65
9399,Student_9399,21,95
9400,Student_9400,20,82
9401,Student_9401,25,71
9402,Student_9402,20,75
9403,Student_9403,22,91
9404,Student_9404,24,66
9405,Student_9405,20,83
9406,Student_9406,24,68
9407,Student_9407,20,84
9408,Student_9408,24,61
9409,Student_9409,24,97
9410,Student_9410,22,60
9411,Student_9411,19,65
9412,Student_9412,25,67
9413,Student_9413,21,75
9414,Student_9414,19,65
9415,Student_9415,21,74
9416,Student_9416,25,60
9417,Student_9417,25,57
9418,Student_9418,25,51
9419,Student_9419,21,81
9420,Student_9420,18,79
9421,Student_9421,22,51
9422,Student_9422,20,65
9423,Student_9423,25,68
9424,Student_9424,19,55
9425,Student_9425,18,70
9426,Student_9426,21,78
9427,Student_9427,23,70
9428,Student_9428,22,67
9429,Student_9429,25,60
9430,Student_9430,25,57
9431,Student_9431,20,94
9432,Student_9432,24,51
9433,Student_9433,19,99
9434,Student_9434,18,55
9435,Student_9435,23,97
9436,Student_9436,24,54
9437,Student_9437,21,87
9438,Student_9438,21,91
9439,Student_9439,23,88
9440,Student_9440,21,75
9441,Student_9441,19,72
9442,Student_9442,20,55
9443,Student_9443,24,90
9444,Student_9444,21,77
9445,Student_9445,18,53
9446,Student_9446,22,82
9447,Student_9447,21,70
9448,Student_9448,19,99
9449,Student_9449,23,67
9450,Student_9450,21,85
9451,Student_9451,20,81
9452,Student_9452,22,64
9453,Student_9453,18,96
9454,Student_9454,25,94
9455,Student_9455,19,63
9456,Student_9456,24,61
9457,Student_9457,18,70
9458,Student_9458,24,70
9459,Student_9459,20,60
9460,Student_9460,24,55
9461,Student_9461,24,71
9462,Student_9462,25,73
9463,Student_9463,19,52
9464,Student_9464,23,55
9465,Student_9465,19,92
9466,Student_9466,24,90
9467,Student_9467,25,72
9468,Student_9468,23,88
9469,Student_9469,18,77
9470,Student_9470,19,96
9471,Student_9471,18,73
9472,Student_9472,22,79
9473,Student_9473,22,60
9474,Student_9474,24,78
9475,Student_9475,21,55
9476,Student_9476,21,56
9477,Student_9477,21,93
9478,Student_9478,21,80
9479,Student_9479,21,68
9480,Student_9480,20,61
9481,Student_9481,21,78
9482,Student_9482,25,56
9483,Student_9483,21,64
9484,Student_9484,24,50
9485,Student_9485,25,70
9486,Student_9486,22,75
9487,Student_9487,20,100
9488,Student_9488,20,82
9489,Student_9489,20,84
9490,Student_9490,21,92
9491,Student_9491,21,66
9492,Student_9492,18,65
9493,Student_9493,25,52
9494,Student_9494,25,56
9495,Student_9495,19,63
9496,Student_9496,25,63
9497,Student_9497,23,53
9498,Student_9498,18,75
9499,Student_9499,20,55
9500,Student_9500,18,52
9501,Student_9501,18,79
9502,Student_9502,25,89
9503,Student_9503,25,71
9504,Student_9504,18,99
9505,Student_9505,22,60
9506,Student_9506,25,50
9507,Student_9507,25,87
9508,Student_9508,22,77
9509,Student_9509,20,82
9510,Student_9510,18,62
9511,Student_9511,19,83
9512,Student_9512,23,64
9513,Student_9513,23,98
9514,Student_9514,22,81
9515,Student_9515,20,79
9516,Student_9516,25,79
9517,Student_9517,20,92
9518,Student_9518,18,75
9519,Student_9519,24,62
9520,Student_9520,23,61
9521,Student_9521,23,98
9522,Student_9522,18,84
9523,Student_9523,24,79
9524,Student_9524,23,91
9525,Student_9525,25,68
9526,Student_9526,20,53
9527,Student_9527,21,50
9528,Student_9528,23,89
9529,Student_9529,20,96
9530,Student_9530,19,79
9531,Student_9531,18,55
9532,Student_9532,21,67
9533,Student_9533,23,50
9534,Student_9534,23,73
9535,Student_9535,18,69
9536,Student_9536,23,65
9537,Student_9537,25,86
9538,Student_9538,24,77
9539,Student_9539,19,68
9540,Student_9540,18,75
9541,Student_9541,20,99
9542,Student_9542,19,63
9543,Student_9543,25,92
9544,Student_9544,21,93
9545,Student_9545,25,61
9546,Student_9546,22,96
9547,Student_9547,24,68
9548,Student_9548,22,57
9549,Student_9549,21,58
9550,Student_9550,18,88
9551,Student_9551,24,88
9552,Student_9552,23,84
9553,Student_9553,25,62
9554,Student_9554,22,60
9555,Student_9555,19,71
9556,Student_9556,19,50
9557,Student_9557,18,93
9558,Student_9558,20,76
9559,Student_9559,19,64
9560,Student_9560,19,69
9561,Student_9561,21,97
9562,Student_9562,23,82
9563,Student_9563,23,88
9564,Student_9564,22,60
9565,Student_9565,21,91
9566,Student_9566,18,76
9567,Student_9567,20,56
9568,Student_9568,19,59
9569,Student_9569,23,91
9570,Student_9570,21,98
9571,Student_9571,23,75
9572,Student_9572,24,99
9573,Student_9573,25,68
9574,Student_9574,21,60
9575,Student_9575,25,59
9576,Student_9576,25,51
9577,Student_9577,22,100
9578,Student_9578,18,92
9579,Student_9579,22,58
9580,Student_9580,20,54
9581,Student_9581,25,90
9582,Student_9582,25,52
9583,Student_9583,21,93
9584,Student_9584,19,90
9585,Student_9585,18,81
9586,Student_9586,18,90
9587,Student_9587,21,84
9588,Student_9588,19,66
9589,Student_9589,20,68
9590,Student_9590,24,53
9591,Student_9591,23,70
9592,Student_9592,22,70
9593,Student_9593,21,69
9594,Student_9594,24,86
9595,Student_9595,22,61
9596,Student_9596,19,84
9597,Student_9597,23,93
9598,Student_9598,19,77
9599,Student_9599,20,93
9600,Student_9600,20,70
9601,Student_9601,20,73
9602,Student_9602,25,68
9603,Student_9603,19,95
9604,Student_9604,24,74
9605,Student_9605,25,64
9606,Student_9606,20,79
9607,Student_9607,18,54
9608,Student_9608,18,72
9609,Student_9609,19,76
9610,Student_9610,20,95
9611,Student_9611,18,54
9612,Student_9612,22,94
9613,Student_9613,21,74
9614,Student_9614,18,71
9615,Student_9615,24,87
9616,Student_9616,20,96
9617,Student_9617,23,97
9618,Student_9618,24,61
9619,Student_9619,24,50
9620,Student_9620,23,57
9621,Student_9621,20,87
9622,Student_9622,21,53
9623,Student_9623,20,87
9624,Student_9624,23,94
9625,Student_9625,18,55
9626,Student_9626,18,99
9627,Student_9627,19,96
9628,Student_9628,23,53
9629,Student_9629,21,78
9630,Student_9630,18,53
9631,Student_9631,24,89
9632,Student_9632,25,81
9633,Student_9633,24,91
9634,Student_9634,23,83
9635,Student_9635,20,85
9636,Student_9636,21,85
9637,Student_9637,18,91
9638,Student_9638,22,83
9639,Student_9639,20,81
9640,Student_9640,22,77
9641,Student_9641,20,84
9642,Student_9642,18,100
9643,Student_9643,24,77
9644,Student_9644,22,83
9645,Student_9645,25,71
9646,Student_9646,19,88
9647,Student_9647,19,73
9648,Student_9648,23,69
9649,Student_9649,23,83
9650,Student_9650,22,84
9651,Student_9651,21,53
9652,Student_9652,19,65
9653,Student_9653,23,85
9654,Student_9654,19,77
9655,Student_9655,20,92
9656,Student_9656,19,77
9657,Student_9657,22,100
9658,Student_9658,22,86
9659,Student_9659,24,59
9660,Student_9660,20,64
9661,Student_9661,18,61
9662,Student_9662,22,91
9663,Student_9663,24,69
9664,Student_9664,19,74
9665,Student_9665,21,76
9666,Student_9666,25,72
9667,Student_9667,24,59
9668,Student_9668,24,82
9669,Student_9669,22,84
9670,Student_9670,19,64
9671,Student_9671,24,69
9672,Student_9672,21,87
9673,Student_9673,22,85
9674,Student_9674,18,50
9675,Student_9675,20,97
9676,Student_9676,21,53
9677,Student_9677,22,52
9678,Student_9678,25,56
9679,Student_9679,25,78
9680,Student_9680,20,70
9681,Student_9681,18,51
9682,Student_9682,22,99
9683,Student_9683,22,91
9684,Student_9684,25,55
9685,Student_9685,25,87
9686,Student_9686,22,77
9687,Student_9687,23,74
9688,Student_9688,24,64
9689,Student_9689,24,97
9690,Student_9690,18,77
9691,Student_9691,25,97
9692,Student_9692,21,63
9693,Student_9693,24,50
9694,Student_9694,25,94
9695,Student_9695,19,94
9696,Student_9696,20,75
9697,Student_9697,20,84
9698,Student_9698,18,66
9699,Student_9699,25,92
9700,Student_9700,24,100
9701,Student_9701,20,66
9702,Student_9702,21,93
9703,Student_9703,25,82
9704,Student_9704,19,52
9705,Student_9705,20,93
9706,Student_9706,24,94
9707,Student_9707,22,65
9708,Student_9708,24,87
9709,Student_9709,22,60
9710,Student_9710,24,93
9711,Student_9711,21,69
9712,Student_9712,19,58
9713,Student_9713,21,57
9714,Student_9714,18,79
9715,Student_9715,21,91
9716,Student_9716,18,77
9717,Student_9717,25,58
9718,Student_9718,22,97
9719,Student_9719,20,56
9720,Student_9720,20,96
9721,Student_9721,22,68
9722,Student_9722,19,85
9723,Student_9723,20,77
9724,Student_9724,25,85
9725,Student_9725,18,79
9726,Student_9726,23,51
9727,Student_9727,19,60
9728,Student_9728,19,59
9729,Student_9729,22,53
9730,Student_9730,24,92
9731,Student_9731,22,83
9732,Student_9732,25,58
9733,Student_9733,21,78
9734,Student_9734,22,82
9735,Student_9735,19,97
9736,Student_9736,21,60
9737,Student_9737,24,79
9738,Student_9738,21,76
9739,Student_9739,20,57
9740,Student_9740,20,90
9741,Student_9741,22,64
9742,Student_9742,18,60
9743,Student_9743,24,77
9744,Student_9744,18,98
9745,Student_9745,21,68
9746,Student_9746,24,79
9747,Student_9747,19,91
9748,Student_9748,25,81
9749,Student_9749,21,93
9750,Student_9750,25,95
9751,Student_9751,24,71
9752,Student_9752,21,50
9753,Student_9753,19,93
9754,Student_9754,25,57
9755,Student_9755,23,51
9756,Student_9756,25,71
9757,Student_9757,20,74
9758,Student_9758,19,95
9759,Student_9759,25,75
9760,Student_9760,23,56
9761,Student_9761,24,54
9762,Student_9762,19,77
9763,Student_9763,24,64
9764,Student_9764,18,50
9765,Student_9765,25,54
9766,Student_9766,20,69
9767,Student_9767,25,77
9768,Student_9768,21,75
9769,Student_9769,21,72
9770,Student_9770,20,67
9771,Student_9771,18,72
9772,Student_9772,21,98
9773,Student_9773,18,69
9774,Student_9774,24,58
9775,Student_9775,22,97
9776,Student_9776,23,55
9777,Student_9777,21,53
9778,Student_9778,18,53
9779,Student_9779,18,67
9780,Student_9780,23,84
9781,Student_9781,18,66
9782,Student_9782,18,66
9783,Student_9783,24,62
9784,Student_9784,22,82
9785,Student_9785,18,88
9786,Student_9786,24,54
9787,Student_9787,18,59
9788,Student_9788,19,84
9789,Student_9789,20,87
9790,Student_9790,18,100
9791,Student_9791,19,76
9792,Student_9792,21,82
9793,Student_9793,18,82
9794,Student_9794,23,100
9795,Student_9795,23,95
9796,Student_9796,25,89
9797,Student_9797,25,79
9798,Student_9798,21,57
9799,Student_9799,22,83
9800,Student_9800,24,73
9801,Student_9801,24,89
9802,Student_9802,19,54
9803,Student_9803,24,99
9804,Student_9804,19,87
9805,Student_9805,19,52
9806,Student_9806,20,71
9807,Student_9807,22,98
9808,Student_9808,23,57
9809,Student_9809,19,52
9810,Student_9810,22,73
9811,Student_9811,20,74
9812,Student_9812,22,67
9813,Student_9813,19,100
9814,Student_9814,23,79
9815,Student_9815,25,69
9816,Student_9816,18,64
9817,Student_9817,19,99
9818,Student_9818,23,93
9819,Student_9819,18,98
9820,Student_9820,24,82
9821,Student_9821,21,87
9822,Student_9822,25,86
9823,Student_9823,22,94
9824,Student_9824,22,53
9825,Student_9825,18,99
9826,Student_9826,25,89
9827,Student_9827,20,80
9828,Student_9828,20,89
9829,Student_9829,25,66
9830,Student_9830,21,74
9831,Student_9831,22,74
9832,Student_9832,21,78
9833,Student_9833,24,84
9834,Student_9834,19,92
9835,Student_9835,25,98
9836,Student_9836,21,50
9837,Student_9837,20,73
9838,Student_9838,19,56
9839,Student_9839,21,82
9840,Student_9840,25,94
9841,Student_9841,21,77
9842,Student_9842,19,100
9843,Student_9843,23,94
9844,Student_9844,19,87
9845,Student_9845,20,64
9846,Student_9846,24,93
9847,Student_9847,24,74
9848,Student_9848,25,55
9849,Student_9849,18,92
9850,Student_9850,22,74
9851,Student_9851,19,86
9852,Student_9852,25,81
9853,Student_9853,19,59
9854,Student_9854,25,86
9855,Student_9855,25,61
9856,Student_9856,25,100
9857,Student_9857,21,82
9858,Student_9858,23,50
9859,Student_9859,22,97
9860,Student_9860,19,80
9861,Student_9861,18,98
9862,Student_9862,19,56
9863,Student_9863,23,82
9864,Student_9864,20,81
9865,Student_9865,24,67
9866,Student_9866,22,57
9867,Student_9867,18,65
9868,Student_9868,23,87
9869,Student_9869,21,74
9870,Student_9870,22,58
9871,Student_9871,23,83
9872,Student_9872,21,70
9873,Student_9873,19,56
9874,Student_9874,20,73
9875,Student_9875,22,56
9876,Student_9876,25,69
9877,Student_9877,22,62
9878,Student_9878,23,55
9879,Student_9879,24,79
9880,Student_9880,18,58
9881,Student_9881,25,63
9882,Student_9882,18,71
9883,Student_9883,18,77
9884,Student_9884,20,74
9885,Student_9885,23,62
9886,Student_9886,24,63
9887,Student_9887,24,88
9888,Student_9888,20,89
9889,Student_9889,23,63
9890,Student_9890,18,75
9891,Student_9891,19,74
9892,Student_9892,22,75
9893,Student_9893,25,66
9894,Student_9894,18,71
9895,Student_9895,23,64
9896,Student_9896,24,57
9897,Student_9897,19,79
9898,Student_9898,20,99
9899,Student_9899,25,75
9900,Student_9900,19,79
9901,Student_9901,20,53
9902,Student_9902,24,60
9903,Student_9903,19,80
9904,Student_9904,18,78
9905,Student_9905,25,79
9906,Student_9906,19,75
9907,Student_9907,21,92
9908,Student_9908,22,51
9909,Student_9909,19,68
9910,Student_9910,20,50
9911,Student_9911,18,77
9912,Student_9912,24,70
9913,Student_9913,20,69
9914,Student_9914,19,79
9915,Student_9915,22,99
9916,Student_9916,21,64
9917,Student_9917,21,81
9918,Student_9918,25,57
9919,Student_9919,24,94
9920,Student_9920,22,79
9921,Student_9921,23,69
9922,Student_9922,18,92
9923,Student_9923,24,60
9924,Student_9924,19,72
9925,Student_9925,24,57
9926,Student_9926,22,90
9927,Student_9927,18,71
9928,Student_9928,23,74
9929,Student_9929,21,57
9930,Student_9930,21,95
9931,Student_9931,22,54
9932,Student_9932,23,84
9933,Student_9933,23,84
9934,Student_9934,25,93
9935,Student_9935,19,95
9936,Student_9936,25,95
9937,Student_9937,18,94
9938,Student_9938,22,58
9939,Student_9939,21,51
9940,Student_9940,25,94
9941,Student_9941,20,87
9942,Student_9942,25,99
9943,Student_9943,21,50
9944,Student_9944,21,81
9945,Student_9945,18,58
9946,Student_9946,22,68
9947,Student_9947,22,88
9948,Student_9948,22,94
9949,Student_9949,18,70
9950,Student_9950,25,78
9951,Student_9951,22,79
9952,Student_9952,21,95
9953,Student_9953,23,87
9954,Student_9954,18,90
9955,Student_9955,20,63
9956,Student_9956,20,80
9957,Student_9957,23,90
9958,Student_9958,20,81
9959,Student_9959,20,75
9960,Student_9960,18,97
9961,Student_9961,18,100
9962,Student_9962,18,58
9963,Student_9963,19,73
9964,Student_9964,20,98
9965,Student_9965,20,82
9966,Student_9966,22,88
9967,Student_9967,22,82
9968,Student_9968,24,94
9969,Student_9969,23,77
9970,Student_9970,20,74
9971,Student_9971,21,69
9972,Student_9972,23,91
9973,Student_9973,18,90
9974,Student_9974,21,82
9975,Student_9975,20,66
9976,Student_9976,21,72
9977,Student_9977,25,84
9978,Student_9978,24,94
9979,Student_9979,19,87
9980,Student_9980,21,74
9981,Student_9981,21,96
9982,Student_9982,18,80
9983,Student_9983,18,81
9984,Student_9984,22,98
9985,Student_9985,20,95
9986,Student_9986,22,51
9987,Student_9987,23,64
9988,Student_9988,22,97
9989,Student_9989,20,98
9990,Student_9990,21,75
9991,Student_9991,23,97
9992,Student_9992,22,69
9993,Student_9993,19,91
9994,Student_9994,25,63
9995,Student_9995,22,52
9996,Student_9996,23,50
9997,Student_9997,22,67
9998,Student_9998,24,87
9999,Student_9999,21,80
10000,Student_10000,21,55
